Date,Region,Latitude,Longitude,Property_Type,Price,Rental_Yield_Pct,Demand_Score,Supply_Score,Economic_Indicator
2024-04-11,Industrial,40.77776239763906,-74.19362195630622,Commercial,1852674.05,7.54,22,53,0.44
2023-09-10,Tech Park,40.639496603856436,-74.02075243759307,Studio,415393.74,6.01,42,92,0.46
2024-11-17,Industrial,40.78593312396585,-74.24279241312152,Villa,966482.71,6.0,64,3,0.54
2023-12-06,Downtown,40.729449237142425,-74.01801277379838,Studio,436873.78,3.59,8,47,0.48
2024-01-23,Coastal,40.59541099092336,-73.94221302173489,Villa,1345041.47,4.82,4,54,0.28
2024-03-31,Industrial,40.7791220718353,-74.1852306684001,Villa,976451.35,6.29,82,53,0.34
2024-05-07,Suburbs,40.75192832958061,-74.09161795788805,Apartment,412046.1,5.22,89,71,0.31
2024-02-23,Coastal,40.57266435722227,-73.9372738978331,Apartment,591063.16,5.35,41,28,0.52
2023-02-17,Downtown,40.68263693420905,-73.9840070604843,Commercial,2668099.51,3.52,99,44,0.58
2024-10-04,Downtown,40.71873122768658,-73.9994630955206,Apartment,743916.08,3.63,14,27,0.58
2024-04-05,Downtown,40.70050248481166,-73.99934215119022,Commercial,3026114.12,3.88,52,96,0.42
2024-06-08,Tech Park,40.658478861395814,-74.07837192926031,Studio,366852.13,6.97,28,66,0.58
2024-10-07,Suburbs,40.76002896663049,-74.07683626694136,Studio,255696.47,5.78,30,62,0.64
2024-01-20,Industrial,40.80351106587909,-74.18551833496949,Apartment,389769.41,6.06,70,72,0.4
2023-08-22,Coastal,40.57169258515899,-73.95841290645531,Studio,364023.64,4.74,32,96,0.29
2024-01-21,Downtown,40.73807481061533,-74.02292034032911,Commercial,2753253.19,3.57,81,59,0.4
2023-08-13,Downtown,40.71151243898398,-73.9991019532991,Apartment,706896.81,3.83,44,90,0.61
2024-09-01,Coastal,40.61503866065374,-73.93544333771669,Villa,1463425.18,5.61,16,97,0.46
2023-12-15,Downtown,40.69298927349739,-74.01732595459205,Commercial,3511981.49,4.35,19,90,0.34
2024-07-04,Industrial,40.801371259496115,-74.20286924459262,Villa,1019232.36,7.34,57,89,0.59
2023-12-12,Suburbs,40.76627034434739,-74.12461728632867,Studio,306824.94,6.9,2,1,0.53
2023-07-27,Downtown,40.72843645743555,-73.98670378835344,Commercial,2680550.65,3.89,33,24,0.61
2023-08-15,Industrial,40.804525765389975,-74.18305197134848,Studio,247033.74,6.5,93,18,0.52
2023-06-10,Coastal,40.575662902152814,-73.97382606994405,Studio,415605.59,4.62,20,8,0.39
2024-04-04,Coastal,40.61644120319989,-73.91206414034693,Commercial,2243833.53,4.61,30,38,0.5
2024-08-31,Coastal,40.60826708175247,-73.98872752419969,Studio,356953.06,5.43,61,48,0.54
2024-05-26,Coastal,40.62959697550397,-73.94206451437458,Apartment,649247.08,5.1,46,6,0.49
2023-04-26,Tech Park,40.664806816358954,-74.04327202472427,Commercial,2412151.15,5.43,33,67,0.44
2024-07-23,Suburbs,40.76420218480728,-74.09815042256898,Commercial,1640905.66,5.58,32,47,0.61
2024-11-12,Downtown,40.713827217189596,-73.99700451923023,Commercial,3533677.3,3.38,24,13,0.45
2024-11-15,Industrial,40.81030095372612,-74.12294537018691,Studio,271941.15,7.69,16,14,0.47
2023-02-20,Industrial,40.81517938440986,-74.23121114144875,Apartment,480013.92,7.1,49,52,0.51
2024-03-19,Suburbs,40.74056136268421,-74.07822098806065,Apartment,520217.11,5.57,5,68,0.46
2023-09-26,Coastal,40.608760451948434,-73.92273129018096,Villa,1689287.49,3.99,17,63,0.52
2024-04-18,Coastal,40.584149585231344,-73.95229472882934,Apartment,641178.37,4.6,12,1,0.47
2024-08-23,Suburbs,40.74364306186979,-74.1063871015563,Studio,264475.35,5.6,61,64,0.56
2023-03-17,Tech Park,40.62346336467728,-74.01312568404497,Villa,1622435.21,5.58,57,29,0.48
2024-09-03,Suburbs,40.78744011360945,-74.0860181523628,Apartment,476995.35,6.66,10,69,0.45
2024-10-20,Industrial,40.797431757069205,-74.20931329542509,Villa,1265955.2,7.06,4,16,0.52
2024-10-25,Downtown,40.70079566245683,-73.99911863737196,Studio,491680.46,4.63,33,61,0.38
2024-07-30,Coastal,40.60892578696004,-73.92727515365762,Apartment,575578.35,5.3,29,13,0.45
2023-03-31,Tech Park,40.62465235396975,-74.0443801626453,Studio,337582.82,6.93,34,7,0.4
2023-03-16,Industrial,40.77914077212794,-74.17347056663363,Apartment,396396.85,6.65,36,10,0.67
2023-04-06,Coastal,40.56251062250281,-73.95041803187928,Studio,394575.77,5.09,12,55,0.61
2023-09-30,Tech Park,40.63274769756869,-74.03418812021151,Apartment,678328.73,6.01,86,13,0.48
2024-01-19,Industrial,40.81707949422135,-74.19215916220536,Studio,237011.39,8.34,69,99,0.61
2024-04-28,Industrial,40.82409845843557,-74.22393320938427,Apartment,424964.79,7.44,53,42,0.68
2023-09-10,Industrial,40.808091657902345,-74.18222031411446,Villa,1007622.17,7.17,42,9,0.45
2024-10-09,Suburbs,40.71836692148771,-74.09841981971512,Studio,277826.84,5.4,45,4,0.63
2023-04-01,Coastal,40.58091219742854,-73.94378184868805,Villa,1790155.57,4.85,92,58,0.5
2023-12-14,Industrial,40.825422764519615,-74.18458273797073,Villa,907271.21,5.28,25,56,0.24
2023-08-17,Suburbs,40.77285451766588,-74.09551815036379,Studio,270339.99,5.76,18,47,0.51
2024-05-27,Downtown,40.69876373114945,-74.02534222109202,Apartment,682707.28,4.61,87,57,0.49
2024-11-06,Industrial,40.78798790637501,-74.21974458415346,Villa,912848.3,6.05,28,92,0.44
2024-12-24,Tech Park,40.65683511951554,-74.01247658321567,Apartment,546095.12,6.3,46,35,0.57
2024-01-09,Suburbs,40.77953317250859,-74.12463461535019,Apartment,458531.32,5.69,11,85,0.5
2024-11-19,Suburbs,40.75681844397118,-74.10172827013663,Apartment,459840.74,5.23,69,95,0.53
2023-03-24,Tech Park,40.653865561236984,-74.0315169523383,Apartment,648771.39,5.56,1,51,0.44
2024-05-02,Tech Park,40.62262819768916,-74.03929016380049,Studio,359941.11,5.74,54,3,0.62
2024-02-05,Industrial,40.801350369628196,-74.17946840306897,Studio,243986.12,5.17,85,14,0.43
2023-11-02,Suburbs,40.75406227095893,-74.09900854541401,Villa,1168922.07,6.63,51,63,0.54
2023-04-16,Downtown,40.74717198748028,-74.01573428992086,Commercial,3400333.69,4.39,10,56,0.56
2023-03-10,Downtown,40.6787323512129,-74.00711095397793,Villa,1525831.04,4.48,43,75,0.54
2023-07-14,Industrial,40.78120240427345,-74.18505263936777,Commercial,1553489.23,6.31,51,19,0.55
2024-06-17,Tech Park,40.63939484763255,-74.06585745664525,Apartment,700975.59,7.43,12,90,0.38
2023-08-27,Suburbs,40.72679349949461,-74.08970822018618,Studio,302525.15,5.44,1,8,0.48
2023-10-30,Downtown,40.71636256851522,-74.005287290803,Commercial,2989440.92,4.02,28,87,0.68
2023-12-29,Suburbs,40.75504959576687,-74.08846886073889,Commercial,1856025.03,4.86,64,89,0.33
2023-09-30,Tech Park,40.655198429382715,-74.07582072141795,Commercial,2418063.83,5.47,25,17,0.47
2023-04-21,Suburbs,40.707786009577,-74.10015945282633,Studio,309958.49,6.81,8,40,0.6
2024-09-04,Downtown,40.67264863957275,-73.9846508765553,Villa,1840679.51,4.34,59,56,0.29
2024-12-10,Downtown,40.712370500752506,-74.01322845678854,Villa,1757071.19,3.74,75,62,0.45
2023-02-09,Downtown,40.713770432558896,-74.02261900232823,Apartment,779269.0,3.97,4,79,0.44
2024-12-15,Coastal,40.615107824516514,-73.93867319738962,Studio,422440.91,5.62,5,70,0.49
2023-08-13,Suburbs,40.73473481686915,-74.13609764201328,Studio,257617.28,5.33,90,14,0.56
2023-09-16,Coastal,40.566769598754625,-73.95395925937403,Apartment,680993.83,4.63,5,23,0.29
2024-09-04,Suburbs,40.73796062642207,-74.08479497810728,Apartment,473841.19,6.29,24,38,0.32
2023-11-30,Downtown,40.692147418619314,-73.99696968115963,Apartment,798285.2,4.07,76,99,0.51
2024-07-25,Coastal,40.60367023646176,-73.94293684753555,Studio,412592.83,5.25,14,60,0.47
2024-07-27,Tech Park,40.64361885957867,-74.0369320052417,Studio,313519.52,6.49,18,40,0.33
2024-07-28,Coastal,40.614158487339395,-73.90583098948268,Commercial,2116163.43,5.5,66,78,0.27
2024-03-23,Coastal,40.62864963834905,-73.9795717249156,Studio,434606.41,5.25,94,27,0.62
2023-10-16,Industrial,40.81940155555827,-74.18558453901719,Villa,1023235.69,6.36,5,74,0.6
2023-01-15,Industrial,40.7897996720229,-74.15485603437814,Apartment,362654.48,6.29,68,76,0.8
2023-10-19,Tech Park,40.66739211840211,-74.0228872428239,Villa,1328574.36,5.25,11,74,0.38
2024-09-14,Suburbs,40.73639476825612,-74.09638938316388,Studio,341376.43,6.48,37,72,0.56
2023-02-20,Suburbs,40.7379470438939,-74.0739630166368,Apartment,421766.15,5.23,36,54,0.45
2023-11-05,Coastal,40.619037660360576,-73.9838492925943,Apartment,749420.77,5.31,26,41,0.44
2023-03-16,Coastal,40.617044929780604,-73.99641474747956,Villa,1358766.1,4.35,34,91,0.35
2023-01-25,Industrial,40.79478529670216,-74.20381822982777,Commercial,1650075.86,7.73,22,26,0.43
2023-03-25,Industrial,40.80156817845012,-74.22969403143034,Apartment,389244.45,6.23,92,63,0.5
2024-03-10,Downtown,40.71596511961907,-74.02341729295293,Commercial,2516411.65,3.77,30,29,0.61
2024-02-28,Downtown,40.712144934595685,-74.01686849542267,Commercial,3416574.68,2.94,92,94,0.38
2024-10-04,Downtown,40.71687403596278,-74.01735438069551,Studio,440031.51,4.21,34,97,0.47
2024-03-18,Industrial,40.82444406692416,-74.24348647128174,Commercial,1516076.76,7.34,97,92,0.46
2023-01-07,Coastal,40.595415678968926,-73.95551619131204,Villa,1395025.12,4.17,2,1,0.68
2024-01-21,Tech Park,40.62516997538101,-74.06632610818109,Commercial,2026409.0,6.36,5,37,0.62
2024-05-20,Suburbs,40.70660244625918,-74.1073394639776,Villa,1131018.84,5.3,30,59,0.53
2024-06-04,Downtown,40.75836957456377,-74.06168008457604,Studio,414256.38,4.65,73,22,0.37
2023-02-03,Tech Park,40.65201634844508,-74.04608309489804,Apartment,541297.63,5.96,76,87,0.24
2024-03-30,Tech Park,40.682410668903316,-74.01859010729477,Villa,1417233.39,6.48,92,62,0.44
2023-01-29,Industrial,40.80052182100422,-74.19705584341261,Apartment,391098.34,6.84,36,59,0.62
2024-10-25,Coastal,40.59744608298779,-73.93889709422578,Villa,1552229.85,4.44,36,20,0.53
2024-04-26,Downtown,40.70718767967671,-73.95479830923462,Apartment,742795.51,3.86,73,40,0.52
2024-09-07,Downtown,40.74589956751473,-74.0200855826118,Villa,1656548.74,3.97,44,51,0.56
2023-01-17,Coastal,40.56859550560219,-73.93028554566354,Villa,1467263.53,5.11,12,62,0.69
2024-12-27,Coastal,40.616333970354276,-73.9376267608058,Apartment,704204.94,5.23,25,82,0.35
2023-10-15,Suburbs,40.74884190185325,-74.09710125170437,Villa,1038691.83,4.81,7,14,0.76
2024-05-12,Tech Park,40.6336147121289,-74.03768582501671,Commercial,2390506.76,6.41,94,39,0.64
2024-09-11,Downtown,40.65855019016304,-74.03148137969907,Studio,513631.82,4.41,43,40,0.49
2024-06-10,Suburbs,40.74477945493506,-74.0973003055836,Studio,309068.4,5.61,25,13,0.59
2023-06-19,Suburbs,40.755660644107905,-74.10436207796748,Villa,1187552.61,5.89,99,39,0.5
2023-09-29,Industrial,40.79951445440216,-74.21110447998258,Studio,223734.98,5.94,30,25,0.53
2023-05-22,Downtown,40.671095647128695,-74.01440373634192,Studio,437319.69,3.6,62,37,0.39
2024-08-07,Downtown,40.72200150020599,-74.01099462565651,Commercial,3465150.15,3.6,12,59,0.48
2024-08-06,Coastal,40.58348830313965,-73.95194199134806,Studio,392118.44,4.76,74,98,0.56
2023-09-16,Downtown,40.700337189471504,-74.01710954238321,Studio,427681.39,3.93,47,87,0.64
2023-04-30,Downtown,40.701385074125014,-73.9991276282093,Apartment,721758.55,4.94,14,98,0.59
2024-06-24,Coastal,40.59274929949802,-73.93832399247688,Apartment,645513.54,4.91,25,5,0.41
2023-06-25,Industrial,40.81949700569392,-74.2275863845603,Villa,889830.72,7.39,48,77,0.5
2023-12-15,Industrial,40.730383823424795,-74.21740446484287,Commercial,1521689.69,7.73,98,40,0.34
2024-07-24,Coastal,40.60925097105295,-73.95756585767074,Commercial,2742162.63,4.77,45,89,0.4
2024-02-26,Tech Park,40.67017041649557,-74.01936622397518,Studio,353983.75,6.09,53,30,0.66
2023-01-17,Industrial,40.806862181659035,-74.1961780186396,Studio,241114.48,7.53,88,35,0.36
2023-08-12,Coastal,40.604987673674216,-73.91845093440473,Villa,1748601.18,4.28,94,37,0.46
2024-02-05,Coastal,40.603881799857966,-73.94019160856595,Villa,1465810.28,4.65,82,50,0.5
2024-01-16,Tech Park,40.69040803927364,-74.06479748552927,Studio,355282.62,4.78,51,75,0.44
2023-06-06,Suburbs,40.78762314138881,-74.1245973875648,Commercial,1768006.74,6.12,27,67,0.63
2023-03-25,Downtown,40.72141680488668,-74.00113384671744,Villa,1738136.1,4.62,1,58,0.48
2024-06-07,Tech Park,40.65704110793028,-74.04292474442016,Villa,1398534.88,5.95,72,60,0.61
2024-08-13,Downtown,40.719654506927554,-73.99686493561693,Commercial,3137978.71,4.24,3,93,0.52
2024-06-04,Downtown,40.72698007515177,-74.03452251065339,Villa,1909109.72,3.77,86,2,0.45
2023-12-04,Coastal,40.63925645268091,-73.9577012052372,Villa,1749564.18,5.37,41,8,0.59
2023-03-27,Downtown,40.729720270893424,-74.00607205078181,Studio,397873.59,4.21,32,97,0.68
2024-08-11,Suburbs,40.77046282409374,-74.09816828522612,Studio,232594.96,4.89,38,90,0.6
2023-11-13,Suburbs,40.76246619613309,-74.09796471854024,Commercial,1750674.27,5.62,73,95,0.59
2024-11-20,Downtown,40.72676446627227,-73.99813029229156,Studio,423924.15,4.44,7,75,0.51
2023-05-07,Suburbs,40.769002909419974,-74.10201645980369,Apartment,517435.42,5.38,82,12,0.38
2024-09-22,Industrial,40.7793684750626,-74.21058596475093,Apartment,399025.82,8.5,82,70,0.41
2023-02-04,Downtown,40.727866515207545,-74.02286746309079,Apartment,748983.78,3.9,94,85,0.33
2024-05-30,Suburbs,40.740336270754014,-74.06852026473419,Studio,227831.21,6.6,98,66,0.63
2024-06-13,Suburbs,40.75878605515363,-74.12554440931845,Studio,228182.94,5.23,26,8,0.56
2024-07-06,Industrial,40.80647600255212,-74.20582979957987,Villa,940805.77,6.41,14,89,0.43
2023-03-07,Downtown,40.718310497549375,-73.99851439888846,Commercial,2973946.57,3.48,40,76,0.62
2024-01-30,Industrial,40.79906158842241,-74.19045918345554,Villa,758864.88,7.18,94,1,0.72
2023-10-11,Industrial,40.77480160067253,-74.21676774982237,Apartment,420826.58,5.85,76,37,0.62
2023-06-05,Downtown,40.720438709044636,-73.99739916705617,Commercial,2909007.46,4.15,61,20,0.49
2023-02-28,Tech Park,40.649255555269804,-74.05261831945539,Apartment,537902.71,6.11,12,20,0.41
2023-05-06,Tech Park,40.68943337500924,-74.05426270673334,Villa,1217597.11,6.3,43,50,0.54
2023-12-07,Tech Park,40.60824221930799,-74.06465368382516,Apartment,630325.63,5.57,5,86,0.55
2023-05-25,Suburbs,40.747943116737275,-74.1005358869327,Villa,1101718.7,6.08,76,91,0.52
2024-10-15,Downtown,40.721784568698396,-73.99363942578033,Apartment,760577.75,4.34,62,92,0.68
2024-11-18,Suburbs,40.74871723306814,-74.09342475179392,Apartment,465327.0,6.29,75,68,0.62
2024-08-16,Industrial,40.81388466820972,-74.179061597447,Apartment,422798.01,6.79,75,1,0.64
2024-12-11,Downtown,40.73498520404446,-74.03524071943004,Commercial,2734450.95,4.62,89,33,0.44
2024-09-13,Industrial,40.773538204131846,-74.19916621925736,Villa,937689.69,6.52,3,85,0.73
2023-02-12,Suburbs,40.717386532651695,-74.09658058056863,Studio,313858.32,5.68,43,21,0.58
2023-11-20,Downtown,40.71842382847939,-74.02973394235376,Apartment,864804.93,3.44,78,68,0.49
2023-06-05,Tech Park,40.63022817785698,-74.07207178634431,Commercial,2201057.26,6.1,30,18,0.53
2023-12-17,Suburbs,40.74867219191814,-74.10268536206715,Studio,265700.96,5.56,71,63,0.37
2023-02-05,Downtown,40.68094012532937,-73.9971905052408,Studio,512883.66,3.97,1,44,0.51
2023-01-26,Coastal,40.59141188917749,-73.89907903333192,Apartment,676848.67,4.47,42,72,0.55
2023-02-19,Downtown,40.727743304485195,-74.02001663357733,Studio,436727.26,4.5,74,89,0.52
2024-07-14,Downtown,40.69715964726185,-74.02884253086593,Commercial,2924904.39,3.97,21,81,0.61
2023-06-09,Tech Park,40.674491688752525,-74.01753206875402,Commercial,2266201.97,5.18,57,25,0.42
2023-10-07,Tech Park,40.68278233610888,-74.03047232093076,Studio,399745.77,6.23,42,32,0.62
2024-02-29,Tech Park,40.62798441434327,-74.06422597249521,Commercial,2408180.03,5.54,2,60,0.44
2023-03-08,Tech Park,40.66402746129678,-74.0373741743348,Villa,1215847.3,5.85,86,70,0.35
2023-04-26,Suburbs,40.78345144773675,-74.09161961981268,Studio,247725.85,5.59,69,77,0.63
2023-01-12,Suburbs,40.76388812637891,-74.10222452122697,Apartment,409324.16,4.22,23,92,0.45
2024-09-24,Coastal,40.60145993511947,-73.93439843640567,Villa,1921815.41,5.2,82,72,0.45
2024-10-15,Industrial,40.80723353170847,-74.18583782646623,Studio,262960.86,6.25,66,85,0.41
2023-06-29,Suburbs,40.75174372808413,-74.08583821756287,Villa,1312820.26,4.88,55,6,0.5
2023-08-27,Industrial,40.81676981548903,-74.20769683763895,Apartment,418558.89,7.06,35,30,0.49
2023-01-07,Suburbs,40.75534784628144,-74.09356604387608,Studio,255250.98,6.04,35,66,0.46
2023-09-10,Industrial,40.78912441133553,-74.18575457020988,Villa,971541.66,7.64,65,80,0.34
2023-01-25,Tech Park,40.65573834857344,-74.05231244229914,Apartment,563429.27,5.89,98,68,0.55
2024-10-19,Industrial,40.801079768368915,-74.1987105117038,Apartment,320981.34,7.2,93,43,0.42
2024-05-31,Suburbs,40.7306696594813,-74.09165619071234,Commercial,1698731.95,5.17,11,50,0.51
2023-05-29,Downtown,40.70605828057764,-74.03061551091533,Apartment,730474.46,3.72,7,80,0.59
2024-07-05,Industrial,40.83042344275529,-74.17303439868148,Apartment,370689.85,6.51,93,52,0.6
2024-06-02,Suburbs,40.75850658120953,-74.1273375739683,Commercial,1759542.23,6.16,86,5,0.47
2024-08-13,Suburbs,40.7453465618296,-74.12092955885248,Apartment,425419.0,5.72,39,5,0.4
2023-07-02,Industrial,40.79938122005689,-74.20020231822939,Apartment,488736.86,6.16,52,82,0.5
2024-02-26,Coastal,40.572561977141376,-73.98227122795754,Villa,1604442.82,5.1,64,17,0.55
2023-01-10,Suburbs,40.75333305657127,-74.13198272972893,Villa,1036073.91,6.69,34,8,0.44
2023-06-22,Coastal,40.56981156173187,-73.95551454504935,Commercial,2442871.84,4.96,72,87,0.46
2024-01-01,Coastal,40.6036936061173,-73.96604985466423,Studio,440653.64,5.6,7,28,0.43
2023-11-16,Coastal,40.62371408309326,-73.93562093378671,Villa,1654712.45,5.66,66,79,0.47
2024-01-13,Industrial,40.7949833396709,-74.18716625125691,Commercial,1795940.33,6.55,2,13,0.59
2023-10-15,Tech Park,40.650819735795515,-74.03341052141536,Studio,368278.36,5.46,73,25,0.59
2024-02-18,Suburbs,40.707409738517796,-74.08841114854265,Studio,273987.88,5.38,46,21,0.47
2023-02-08,Coastal,40.57575085442301,-73.92729029967275,Apartment,669651.69,4.17,21,13,0.54
2024-10-23,Industrial,40.83198244670299,-74.20293997564394,Commercial,1541685.24,7.21,13,82,0.33
2023-10-10,Suburbs,40.75799375903505,-74.11302713787583,Villa,1083291.72,4.68,88,44,0.53
2024-09-21,Tech Park,40.6840442988927,-74.03679978813766,Commercial,2744459.29,6.6,8,58,0.52
2023-04-14,Downtown,40.723582642063654,-73.99916741561262,Commercial,3386394.74,3.83,89,10,0.58
2023-01-13,Coastal,40.61167772588751,-73.96029283098437,Apartment,577835.48,4.93,90,58,0.5
2024-02-22,Industrial,40.78430203373835,-74.18703439132312,Apartment,342005.74,6.23,95,70,0.42
2023-06-03,Industrial,40.75811758744672,-74.21354951313995,Apartment,426869.89,6.72,45,20,0.46
2024-06-09,Downtown,40.70176283708215,-73.95483601428664,Commercial,3037934.71,3.72,55,4,0.5
2023-11-15,Suburbs,40.73666959037453,-74.10612706921542,Villa,1087084.14,5.75,76,30,0.42
2024-12-04,Suburbs,40.76895651605675,-74.08635931099911,Commercial,1594495.96,5.39,55,55,0.44
2023-04-28,Downtown,40.68657254549825,-73.97573100513516,Apartment,797310.88,4.18,20,47,0.39
2024-08-24,Coastal,40.617001879786336,-73.93248568275199,Studio,401847.43,4.31,10,50,0.55
2024-07-16,Tech Park,40.632893389712216,-74.04142375370758,Apartment,611838.03,5.65,64,37,0.37
2023-09-18,Industrial,40.79615777894557,-74.17219000437518,Studio,239339.64,8.24,1,24,0.59
2024-08-18,Industrial,40.81556218372252,-74.2054845671411,Studio,216016.49,6.78,24,30,0.5
2023-09-27,Industrial,40.78091876504507,-74.21907209226039,Studio,238403.32,7.17,95,89,0.45
2024-06-16,Industrial,40.79971960923485,-74.1789388513397,Studio,288799.33,7.75,70,15,0.43
2024-04-16,Suburbs,40.75702577618849,-74.06620213086747,Commercial,1753487.87,6.01,26,14,0.58
2024-01-06,Suburbs,40.724914211536614,-74.11114562248207,Apartment,402118.46,5.17,71,86,0.66
2023-12-20,Downtown,40.692483563620435,-74.00476640300305,Studio,436700.64,4.06,86,49,0.42
2024-05-28,Suburbs,40.751722877660924,-74.12532681011251,Villa,1073737.73,5.74,98,16,0.59
2023-12-10,Coastal,40.6123830852201,-73.90885009060577,Commercial,2963278.87,5.03,10,99,0.44
2023-08-02,Industrial,40.784016159866994,-74.16834425491756,Commercial,1643948.97,7.23,86,92,0.47
2023-01-26,Coastal,40.601721457299874,-73.93722433841104,Apartment,707402.14,4.96,97,42,0.4
2024-03-02,Industrial,40.799892052472764,-74.24408075150502,Commercial,1434007.46,6.05,12,74,0.47
2024-08-19,Industrial,40.807251416300524,-74.17263156091055,Studio,229264.27,7.9,48,82,0.55
2023-09-16,Industrial,40.78307286690018,-74.19239842583117,Commercial,1421020.91,6.77,8,32,0.46
2024-01-01,Industrial,40.788986168569394,-74.18111420715636,Villa,877503.33,7.8,1,63,0.39
2023-05-11,Tech Park,40.64917969157993,-74.04220226361055,Apartment,553657.81,5.69,99,61,0.37
2024-03-09,Industrial,40.80541949077692,-74.19391614160894,Villa,863371.91,7.8,11,66,0.48
2024-08-10,Tech Park,40.67611939834654,-74.03526484489117,Studio,339589.4,5.03,28,90,0.52
2023-02-10,Downtown,40.70149430447202,-74.01421417318205,Commercial,3484612.71,3.87,57,23,0.35
2023-10-16,Tech Park,40.674877058651724,-74.0414133795636,Studio,373767.89,5.71,99,40,0.53
2024-10-21,Industrial,40.78153734779084,-74.1899236316312,Studio,234617.88,6.58,58,25,0.44
2024-04-04,Tech Park,40.62575045950704,-74.03972184300682,Apartment,610774.91,6.43,77,79,0.57
2023-08-07,Suburbs,40.7671851445,-74.09307644508334,Commercial,1731720.61,4.87,46,38,0.44
2024-05-21,Coastal,40.573579870082696,-73.9238484237848,Studio,375286.15,4.98,14,26,0.47
2024-03-01,Downtown,40.72306211596352,-74.01119093355167,Commercial,3266598.83,3.79,19,47,0.35
2023-10-13,Tech Park,40.644756525942725,-74.06821407646129,Apartment,605511.88,5.99,89,14,0.47
2023-03-09,Coastal,40.61311220796506,-73.91944552760953,Studio,406704.21,5.45,86,41,0.62
2023-11-21,Industrial,40.80229421236328,-74.19859895673774,Studio,267885.08,7.24,33,73,0.62
2024-10-20,Tech Park,40.62759154680177,-74.0521987543074,Villa,1389746.2,5.79,21,51,0.64
2024-06-23,Coastal,40.594569510490174,-73.94849132722197,Studio,327523.33,4.87,86,66,0.26
2024-08-06,Suburbs,40.757064147890155,-74.1003957063043,Commercial,1963234.39,5.38,82,17,0.51
2024-03-24,Coastal,40.59060895641878,-73.95858604449035,Apartment,604992.64,4.89,40,14,0.29
2024-11-19,Coastal,40.57424105220964,-74.0026286376684,Apartment,725335.99,5.06,62,8,0.61
2024-01-17,Downtown,40.70124939812985,-74.01584702024279,Apartment,649282.17,3.69,41,17,0.48
2023-02-10,Tech Park,40.65207088277278,-74.09324438441836,Commercial,2856285.76,5.96,19,11,0.46
2024-08-06,Downtown,40.69974206455177,-73.97638863888916,Studio,418079.24,3.53,61,33,0.58
2023-06-23,Tech Park,40.66375726654374,-74.04160668954803,Commercial,2594568.88,6.32,49,47,0.46
2024-08-16,Industrial,40.811515595653326,-74.21664587766237,Apartment,311633.94,6.85,84,97,0.4
2023-04-15,Industrial,40.795502880363834,-74.21300005161648,Villa,1072912.81,5.79,10,14,0.57
2024-03-29,Downtown,40.71746432262527,-74.01202510470654,Commercial,2904796.32,4.08,3,16,0.67
2024-02-23,Suburbs,40.749335400187114,-74.10416233714544,Commercial,2282059.78,5.23,90,85,0.44
2023-10-04,Downtown,40.72516969025573,-73.98889079982635,Villa,2031718.39,3.88,45,73,0.61
2023-12-30,Tech Park,40.655247247606475,-74.02897611978028,Villa,1306226.89,4.71,44,79,0.46
2023-04-28,Coastal,40.604642570237175,-73.98671315265725,Studio,435678.59,5.29,34,56,0.26
2024-07-21,Industrial,40.77788590663028,-74.20429842060578,Apartment,361423.83,6.7,29,74,0.63
2024-01-30,Coastal,40.6279136762158,-73.92452719335697,Apartment,617612.59,5.61,56,76,0.51
2024-07-10,Downtown,40.71335902910489,-73.99763625843065,Studio,444857.04,3.94,64,91,0.47
2023-03-28,Suburbs,40.781972943410096,-74.10186868141834,Villa,1104730.1,6.15,29,77,0.54
2023-04-19,Coastal,40.597853957119916,-73.9410456614838,Studio,410629.36,3.98,37,49,0.37
2024-07-07,Tech Park,40.65246658148781,-74.05438312039426,Villa,1616791.81,5.53,85,46,0.44
2024-05-13,Industrial,40.81269815608227,-74.21017434442196,Apartment,357090.28,7.17,99,13,0.48
2023-04-14,Coastal,40.64668327160254,-73.93579335007523,Villa,1693396.95,5.98,37,85,0.61
2024-10-20,Industrial,40.80910122277878,-74.1847845450066,Commercial,1642541.81,8.24,12,21,0.53
2024-07-11,Tech Park,40.682580192066986,-74.0633097082938,Villa,1565736.4,6.23,52,96,0.5
2023-08-04,Suburbs,40.815092945863086,-74.12488916799676,Commercial,1843284.82,4.17,81,51,0.49
2023-12-31,Industrial,40.81910308233801,-74.18957755143242,Commercial,1703234.49,6.86,45,81,0.48
2024-05-08,Downtown,40.72467113444562,-74.06480777269329,Apartment,896779.77,3.9,43,67,0.42
2024-10-25,Tech Park,40.65814104574249,-74.02709221622905,Commercial,2272426.34,6.57,71,30,0.55
2023-01-01,Coastal,40.61450191573696,-73.9396764342577,Commercial,2709558.75,4.7,5,60,0.62
2024-06-18,Industrial,40.81416607694402,-74.21238472929959,Apartment,412524.75,6.33,4,30,0.6
2023-07-07,Coastal,40.584151601580004,-73.95615923059279,Apartment,651962.4,5.3,16,66,0.5
2023-11-18,Suburbs,40.73365822737863,-74.10272894926707,Villa,905273.94,6.04,31,34,0.62
2023-08-19,Coastal,40.616589496838635,-73.95387652277546,Apartment,661187.89,5.6,30,53,0.65
2023-03-15,Downtown,40.70322845110757,-73.99244112430095,Villa,1873095.34,4.09,20,32,0.63
2023-02-22,Suburbs,40.766142451932744,-74.11947092399409,Studio,284141.82,4.54,4,77,0.52
2023-12-20,Industrial,40.8085491184999,-74.23666682329014,Commercial,1595506.58,6.56,96,86,0.5
2024-10-12,Downtown,40.69563100119251,-73.98348824457919,Apartment,649059.68,3.67,27,34,0.6
2024-09-15,Coastal,40.586725592460404,-73.93298204075664,Studio,384642.5,4.97,33,60,0.7
2023-06-24,Coastal,40.60923024810032,-73.93193038582919,Commercial,2743024.71,4.82,33,24,0.39
2023-10-20,Tech Park,40.671169690870606,-74.00517730861958,Villa,1380919.47,6.0,28,41,0.4
2023-08-15,Coastal,40.57117035876781,-73.95418905131298,Studio,398576.77,4.34,31,2,0.56
2023-04-10,Coastal,40.577223337644384,-73.93324984255034,Apartment,734946.82,5.34,36,18,0.48
2023-05-29,Coastal,40.62150351871337,-73.9773740908712,Studio,354875.79,5.32,21,99,0.6
2024-08-08,Suburbs,40.76034393669078,-74.11851638366295,Villa,1090946.52,5.66,2,86,0.48
2024-01-22,Downtown,40.7082280016932,-74.02588698749217,Commercial,3197709.4,3.89,24,29,0.55
2023-04-29,Industrial,40.7991663839522,-74.17176246962211,Studio,226778.13,6.39,92,58,0.43
2024-11-04,Industrial,40.813457224719336,-74.18816371732518,Apartment,439234.14,6.48,58,7,0.38
2023-08-16,Coastal,40.57064949468495,-73.9381795688688,Commercial,3117725.68,5.26,8,97,0.69
2023-02-28,Downtown,40.69411296782843,-74.01932477448517,Studio,463405.27,4.23,29,98,0.44
2024-08-24,Industrial,40.84814755167862,-74.213900873203,Studio,239011.93,7.01,15,32,0.52
2023-03-31,Industrial,40.78658327926533,-74.18740600294575,Studio,259989.58,7.18,25,10,0.39
2024-02-16,Tech Park,40.63121188432399,-74.04003556503007,Commercial,2673635.77,5.51,52,88,0.37
2024-11-16,Industrial,40.78589148703841,-74.1987536870914,Villa,1003162.47,7.14,84,52,0.33
2023-10-04,Suburbs,40.73561360019741,-74.09992393847753,Villa,904357.51,5.4,86,62,0.46
2023-08-11,Suburbs,40.72384851232218,-74.0961667821653,Villa,1197417.08,5.6,8,44,0.53
2024-08-04,Downtown,40.726559339042325,-74.01458488840598,Apartment,794141.5,4.02,11,89,0.53
2023-06-03,Suburbs,40.735667202598954,-74.0968589083718,Villa,1139260.49,5.18,59,98,0.42
2023-12-28,Suburbs,40.78166451059385,-74.10184468409265,Studio,280849.3,5.1,94,65,0.6
2024-08-22,Coastal,40.58087127246364,-73.94055187444239,Villa,1559009.16,5.78,9,37,0.37
2024-08-25,Industrial,40.812090306527104,-74.19879356170934,Villa,832965.98,6.69,67,13,0.49
2023-09-04,Tech Park,40.64283319695957,-74.0629508361127,Commercial,2398271.99,6.37,89,93,0.73
2024-09-16,Industrial,40.79385153110803,-74.19504976166849,Commercial,1624064.87,5.69,18,45,0.6
2023-03-23,Industrial,40.824893760927296,-74.23832334359332,Studio,220704.66,7.52,65,17,0.54
2024-10-12,Downtown,40.69550098696738,-74.0038821109377,Studio,476298.58,4.22,26,19,0.76
2023-11-23,Tech Park,40.66558547774788,-74.05581150206194,Villa,1412766.66,6.55,4,23,0.46
2024-01-03,Industrial,40.73057140216123,-74.21312618782461,Commercial,1473168.91,6.7,91,68,0.51
2024-12-07,Suburbs,40.75022283126098,-74.08580717418988,Commercial,1878612.94,5.72,61,36,0.6
2024-03-08,Suburbs,40.76481181736206,-74.09873641544887,Commercial,2035869.25,5.41,53,62,0.57
2024-10-11,Downtown,40.69928583841677,-74.00531695165024,Studio,417081.9,3.59,61,84,0.57
2023-11-02,Downtown,40.68982411929683,-74.01103461363985,Villa,2004052.22,4.48,27,51,0.4
2024-07-04,Downtown,40.728467810185656,-74.01103077772089,Studio,423112.04,4.57,21,72,0.44
2023-09-11,Suburbs,40.75457153055036,-74.11660888813113,Apartment,473513.13,5.93,86,17,0.36
2024-09-26,Industrial,40.80289189006593,-74.19017049872636,Apartment,458268.4,7.22,63,89,0.38
2024-01-13,Coastal,40.59637987722681,-73.95548880054218,Commercial,2657299.21,4.79,34,41,0.59
2023-12-06,Tech Park,40.642635494495174,-74.05919461462749,Studio,386545.43,6.68,55,64,0.26
2024-01-04,Industrial,40.798502481235865,-74.18608924484869,Commercial,1735856.34,6.72,78,58,0.53
2024-12-28,Downtown,40.71159422017217,-73.99690409660715,Commercial,3564687.67,4.0,97,49,0.27
2024-06-08,Tech Park,40.67699479059101,-74.03602343159595,Studio,375155.03,6.15,76,80,0.64
2023-04-05,Coastal,40.603743280409724,-73.94540147064214,Studio,331923.15,5.51,22,57,0.44
2023-05-04,Coastal,40.615441895779504,-73.97690969672504,Apartment,694333.87,4.11,75,5,0.54
2024-05-31,Coastal,40.61352620119995,-73.95274708347813,Apartment,667201.86,5.47,59,33,0.45
2024-07-12,Coastal,40.565852840848144,-73.96020669966416,Commercial,2655054.93,5.08,54,7,0.55
2024-02-08,Coastal,40.60946745008052,-73.92328688205711,Apartment,677590.75,4.92,57,8,0.5
2024-02-16,Downtown,40.697630093306,-74.0037380772436,Villa,1630921.19,3.46,84,41,0.52
2024-01-22,Downtown,40.69063485076368,-74.03922486325413,Villa,2107015.73,4.05,2,24,0.52
2024-05-09,Coastal,40.60138688674073,-73.97371822018467,Villa,1613803.93,4.94,20,19,0.43
2023-11-05,Industrial,40.802292430183996,-74.21751799155433,Villa,873128.19,8.02,27,10,0.69
2023-09-15,Downtown,40.701629705158126,-74.03895596216768,Apartment,762708.14,4.86,59,22,0.4
2024-09-01,Coastal,40.595701792897,-73.9444641310135,Villa,1425127.75,5.85,45,68,0.51
2023-08-25,Coastal,40.6144517700324,-73.95219539007633,Villa,1637607.7,5.28,48,38,0.4
2024-11-20,Downtown,40.746792648332885,-74.00627432198732,Commercial,3105102.53,4.12,4,93,0.22
2024-01-12,Coastal,40.6116489624931,-73.91500832191589,Apartment,739794.52,5.4,40,39,0.4
2023-11-10,Downtown,40.69333769279557,-74.04354885770472,Apartment,706496.01,4.1,48,10,0.47
2024-11-16,Industrial,40.81785179034228,-74.19848089464168,Commercial,1718829.19,7.99,91,8,0.57
2024-05-23,Coastal,40.59212781125303,-73.92060402147446,Villa,1466962.35,5.54,60,28,0.6
2024-02-24,Coastal,40.595258460182286,-73.96211721641518,Villa,1828222.95,5.27,92,18,0.52
2024-11-28,Suburbs,40.77998068809319,-74.09999157481525,Apartment,467848.35,4.78,7,61,0.45
2023-05-01,Industrial,40.799388596731646,-74.1949587931459,Apartment,384954.7,8.04,92,21,0.51
2024-08-18,Suburbs,40.75271437181096,-74.09670179713146,Commercial,1740364.49,5.16,68,12,0.51
2023-02-21,Downtown,40.67960488829044,-74.03302148732416,Studio,390489.39,3.73,32,55,0.6
2023-12-28,Tech Park,40.62708923564002,-74.07726745249443,Villa,1406908.85,5.49,35,39,0.54
2024-02-18,Suburbs,40.74372940627655,-74.10648472021695,Apartment,486131.58,4.22,32,46,0.39
2024-02-05,Industrial,40.791652663727895,-74.20590179828476,Commercial,1617936.79,8.22,22,33,0.4
2024-11-04,Suburbs,40.71434590513104,-74.07762236759403,Apartment,532526.52,5.13,39,47,0.4
2024-10-25,Coastal,40.623976705934226,-73.96579852050577,Studio,388478.84,5.11,33,62,0.54
2024-05-13,Suburbs,40.765821394045524,-74.09999109011625,Apartment,391627.41,5.68,48,77,0.59
2023-10-22,Downtown,40.7279532574588,-74.00615030728541,Studio,450457.74,4.16,13,69,0.57
2024-07-27,Suburbs,40.77217576764951,-74.15369576094234,Apartment,461680.81,5.73,3,79,0.59
2024-01-15,Tech Park,40.679283544775046,-74.03006282453067,Studio,404801.93,6.08,86,80,0.47
2024-10-20,Downtown,40.70730202484229,-73.98511617822419,Villa,2361941.44,3.83,11,53,0.25
2023-07-04,Downtown,40.70728595614158,-73.98718607712355,Studio,422698.49,4.08,66,77,0.47
2023-01-03,Tech Park,40.67692356527253,-74.08753105412083,Villa,1529238.45,6.42,55,62,0.65
2023-05-02,Industrial,40.835233778615844,-74.20565693092355,Commercial,1704243.52,6.2,49,9,0.53
2023-11-10,Downtown,40.74306018532008,-74.03920965335388,Apartment,886472.95,3.13,96,58,0.53
2024-12-04,Industrial,40.80819525591919,-74.21722175820348,Studio,222704.65,7.37,9,92,0.39
2024-05-04,Coastal,40.592963516553255,-73.92061953204919,Apartment,626733.65,5.79,76,42,0.53
2024-06-03,Tech Park,40.630243386381586,-74.03133535103369,Studio,320773.21,5.53,59,2,0.59
2024-12-30,Industrial,40.79686515848435,-74.19241438256356,Villa,1114471.12,6.88,23,18,0.39
2023-08-27,Downtown,40.73133211016089,-74.02797101681612,Commercial,3051551.8,4.22,1,94,0.42
2024-08-08,Suburbs,40.73780864342328,-74.08203436287944,Commercial,1568459.85,5.84,96,23,0.55
2023-06-10,Industrial,40.81478611681664,-74.18367321688123,Studio,235454.52,5.96,22,70,0.59
2024-11-18,Tech Park,40.645918134059684,-74.03039812929859,Villa,1491248.07,5.19,29,71,0.47
2023-11-27,Tech Park,40.65670116058168,-74.04367688085634,Apartment,557562.4,6.08,48,27,0.58
2023-12-17,Suburbs,40.76224937588027,-74.10026345977045,Commercial,1765704.89,4.91,35,75,0.38
2024-05-22,Coastal,40.59408163157966,-73.92801245223636,Studio,349762.35,5.56,55,79,0.48
2023-05-18,Coastal,40.60009626614754,-73.93066479074783,Commercial,2685949.08,5.07,19,43,0.5
2023-10-03,Suburbs,40.73363142668116,-74.06935264550643,Studio,288998.32,5.59,98,55,0.65
2024-04-12,Tech Park,40.67702271826522,-74.02763084710304,Villa,1519101.45,5.64,11,61,0.51
2024-04-15,Suburbs,40.76876443995312,-74.10709874902864,Commercial,1800248.34,4.8,41,59,0.6
2023-09-17,Suburbs,40.77682951831062,-74.06783221377285,Apartment,465973.57,5.81,86,47,0.41
2024-02-08,Downtown,40.70609724437657,-73.9991532433102,Villa,1894154.22,4.53,43,79,0.54
2023-01-13,Coastal,40.60926577060236,-73.94122675587298,Apartment,658740.73,5.59,66,36,0.53
2023-05-30,Suburbs,40.74161368909336,-74.0950197664727,Studio,268003.42,5.25,30,81,0.59
2023-08-27,Coastal,40.60522533368264,-73.94142418720124,Studio,376696.79,5.31,88,73,0.42
2024-04-09,Coastal,40.58793584207765,-73.96273051446352,Commercial,3022612.28,5.7,79,95,0.46
2023-12-16,Industrial,40.806587462911665,-74.19313865982149,Apartment,412338.0,6.86,50,71,0.43
2023-02-19,Industrial,40.798079451893614,-74.22544589469248,Villa,1078270.51,5.22,37,40,0.46
2023-02-08,Tech Park,40.64031900727226,-74.0597440584239,Studio,347330.83,6.82,96,36,0.39
2023-07-09,Tech Park,40.66702138428041,-74.01998857262075,Apartment,690720.96,5.93,24,99,0.48
2023-03-30,Suburbs,40.77071694609735,-74.1237172109426,Studio,207307.18,5.62,17,15,0.5
2024-11-09,Suburbs,40.75787594596432,-74.1385534515869,Apartment,396703.79,5.23,82,77,0.49
2023-08-15,Industrial,40.834082110325106,-74.17818552827701,Studio,270972.37,5.81,68,59,0.41
2023-08-17,Downtown,40.731307961815936,-74.00536436863676,Villa,2142744.59,4.65,90,14,0.38
2023-07-10,Downtown,40.72601446788928,-74.02356540147346,Villa,1973152.19,3.91,67,28,0.52
2024-02-10,Coastal,40.608839720127904,-73.95860770952794,Studio,346910.35,5.11,78,32,0.45
2023-12-15,Coastal,40.62390278359667,-73.92523524118707,Commercial,2371981.93,6.24,22,4,0.73
2023-10-03,Tech Park,40.67698650125892,-74.01677117972542,Studio,337056.92,6.28,97,1,0.43
2023-11-11,Suburbs,40.744765898646435,-74.09715815508758,Villa,1142067.74,5.74,28,89,0.64
2024-12-22,Tech Park,40.64910513638475,-74.07427883412315,Commercial,2273700.51,6.83,94,82,0.44
2024-12-14,Coastal,40.577799928562285,-73.93463585566737,Studio,398400.46,4.67,52,30,0.5
2023-05-20,Downtown,40.69725219848282,-73.99213350619335,Apartment,759839.26,4.03,8,72,0.52
2023-05-19,Coastal,40.60970929049294,-73.95900025715991,Commercial,2926858.8,5.16,32,93,0.46
2024-01-25,Tech Park,40.664857189591544,-74.0477226119938,Villa,1454121.73,6.78,49,99,0.33
2024-10-29,Tech Park,40.636866304197795,-74.04816495031103,Commercial,2460537.7,6.95,28,66,0.6
2023-08-06,Tech Park,40.656626832935586,-74.03933198297524,Apartment,652562.81,6.88,83,58,0.43
2024-04-04,Coastal,40.59125481189245,-73.94961690169885,Studio,398958.33,4.96,38,27,0.57
2023-10-14,Downtown,40.728752056999994,-74.02573850648338,Studio,421002.59,3.2,34,67,0.48
2023-12-26,Suburbs,40.717390535125695,-74.09471404356049,Villa,1158321.54,5.19,67,58,0.41
2023-10-09,Coastal,40.61270892056629,-73.97234836347027,Commercial,2842369.81,4.88,84,12,0.47
2024-01-13,Downtown,40.72467853468845,-73.97259674825303,Apartment,717313.58,4.49,86,85,0.47
2023-05-23,Tech Park,40.61358793398903,-74.04459885283217,Villa,1552369.36,5.03,46,25,0.59
2024-06-13,Industrial,40.80211507582543,-74.18295642230385,Apartment,450058.26,7.18,23,64,0.63
2023-06-29,Coastal,40.62785090507452,-73.99098247772908,Apartment,638249.02,4.85,64,5,0.43
2024-05-28,Tech Park,40.64503283947175,-74.04355066197996,Apartment,586615.98,6.53,11,92,0.65
2024-03-20,Industrial,40.765113385614434,-74.18835511044873,Apartment,323687.7,6.4,31,52,0.5
2023-07-10,Tech Park,40.6406480131901,-74.07832867256393,Villa,1534059.81,6.65,81,22,0.45
2024-11-17,Coastal,40.57425672862831,-73.97794236370227,Apartment,579925.96,4.68,17,38,0.35
2024-03-20,Coastal,40.54335688803779,-73.96111138695896,Commercial,2261650.68,4.79,31,35,0.62
2023-01-26,Industrial,40.80672142335851,-74.1608565093272,Commercial,1201867.62,6.54,70,59,0.52
2024-02-03,Downtown,40.713866148411974,-74.02040829713607,Commercial,2771315.25,4.41,20,35,0.63
2023-11-13,Suburbs,40.758066007804906,-74.0914476543683,Apartment,388274.68,5.11,65,99,0.39
2024-04-07,Suburbs,40.7142610853732,-74.13522733554946,Commercial,1853983.34,5.76,80,92,0.32
2023-08-25,Industrial,40.7760028055564,-74.20584510430888,Villa,814610.85,7.23,24,15,0.54
2023-11-09,Industrial,40.794881388766605,-74.19549471765505,Studio,256625.35,8.03,18,69,0.44
2023-06-20,Tech Park,40.68252760811337,-74.06005239227663,Villa,1473699.52,5.85,6,56,0.48
2024-09-09,Industrial,40.823292299806205,-74.19994378968629,Villa,1111563.22,7.21,73,74,0.34
2024-03-22,Industrial,40.80675867441269,-74.2050079729474,Commercial,1686101.27,7.58,96,4,0.39
2024-03-29,Coastal,40.58521966259958,-73.92383976168676,Commercial,2293507.67,4.94,11,77,0.56
2024-06-13,Coastal,40.5964356103923,-73.97728495510437,Apartment,587373.96,4.69,74,83,0.48
2023-08-25,Industrial,40.81898347412855,-74.24496285773584,Studio,270271.63,8.05,78,58,0.45
2024-04-03,Downtown,40.701215996845576,-74.01049946598576,Commercial,2676438.88,3.64,64,2,0.49
2024-06-13,Coastal,40.6147930630345,-73.94833037748961,Commercial,2464806.48,5.04,6,57,0.46
2023-10-25,Industrial,40.77801874358856,-74.21624169863887,Studio,262996.92,5.62,2,90,0.6
2023-01-17,Industrial,40.77957675084879,-74.17579512998987,Commercial,1556957.35,6.5,85,8,0.43
2024-09-04,Tech Park,40.65283570840921,-74.06007838942749,Villa,1305775.76,5.27,71,52,0.21
2024-03-11,Coastal,40.59250355886756,-73.91125090206124,Commercial,2559429.66,4.67,37,27,0.44
2023-06-13,Industrial,40.833713308497835,-74.19316599232738,Villa,1123016.92,6.39,69,54,0.49
2023-08-09,Suburbs,40.74168066144105,-74.08949619219324,Studio,239279.21,4.95,19,38,0.42
2023-01-09,Industrial,40.81950624916956,-74.18968743823112,Studio,230988.15,7.83,20,87,0.42
2024-08-29,Suburbs,40.77661149808078,-74.10109962286602,Commercial,1716152.03,6.18,85,61,0.43
2023-07-13,Coastal,40.566305986120284,-73.99129394979917,Studio,390352.72,6.05,16,46,0.49
2024-08-29,Downtown,40.70514562415683,-73.99488822630663,Apartment,932196.2,3.62,71,2,0.43
2023-01-12,Suburbs,40.7680079717679,-74.09097549361363,Commercial,1962292.21,6.43,66,49,0.57
2024-01-16,Industrial,40.83563597817542,-74.18164064658667,Villa,886477.43,6.26,77,42,0.58
2023-07-04,Tech Park,40.62670378121322,-74.03781802787114,Studio,336342.61,6.21,80,34,0.54
2023-07-20,Industrial,40.77530815108431,-74.20835819091532,Villa,765522.44,6.87,20,39,0.47
2024-11-06,Industrial,40.8137880987356,-74.17786724431564,Studio,295055.45,6.91,57,78,0.63
2023-10-07,Tech Park,40.64161676116332,-74.01755613796901,Apartment,717068.52,5.0,58,76,0.61
2023-06-13,Industrial,40.76815712944411,-74.18251646165524,Studio,237224.31,7.18,96,16,0.57
2024-12-10,Coastal,40.57724625086899,-73.95476220872624,Studio,391794.11,5.58,14,61,0.38
2024-07-09,Industrial,40.79852308145671,-74.18406848984942,Villa,1025533.06,6.78,87,78,0.41
2024-08-29,Coastal,40.62710885602211,-73.92335621778479,Villa,1595348.35,4.73,1,84,0.37
2023-02-23,Industrial,40.799369753511534,-74.19450516194507,Villa,771580.07,6.72,53,1,0.67
2023-07-07,Tech Park,40.63108986240115,-74.06972448972564,Commercial,2740453.6,5.53,84,20,0.53
2023-04-12,Downtown,40.70632160366906,-73.97940006324907,Commercial,2645437.76,4.18,60,57,0.45
2023-07-19,Tech Park,40.61523776720909,-74.06270454933058,Villa,1541408.01,4.92,23,43,0.52
2023-07-30,Tech Park,40.63293393386347,-74.04829431533012,Studio,367060.73,5.46,95,55,0.57
2023-10-02,Coastal,40.574591825120415,-73.94918803047688,Studio,419503.46,5.79,42,92,0.34
2023-02-21,Downtown,40.71357183725465,-73.99777635680832,Villa,1981926.39,4.3,12,43,0.5
2024-08-23,Tech Park,40.66393971044686,-74.0574836055198,Apartment,590666.06,5.38,4,75,0.62
2023-12-14,Downtown,40.68899601943809,-73.98425286348568,Villa,2058143.89,4.1,28,57,0.44
2024-12-20,Coastal,40.59668737179365,-73.95002293578152,Villa,1447357.39,4.42,79,89,0.33
2024-05-20,Coastal,40.583782977317185,-73.90563313033978,Villa,1205117.66,4.4,7,22,0.47
2024-01-16,Suburbs,40.74284187870742,-74.05110834494835,Villa,1021433.51,4.57,1,53,0.4
2024-03-02,Industrial,40.810119311069116,-74.21456544404813,Villa,967756.0,6.52,94,50,0.52
2024-09-26,Tech Park,40.670539725266394,-74.06711134472846,Commercial,2153295.18,6.52,18,28,0.51
2023-07-06,Industrial,40.80314088494417,-74.1796122804608,Commercial,1478988.25,7.12,48,46,0.55
2023-03-07,Industrial,40.82978226216656,-74.21247152182404,Studio,215792.1,6.84,90,53,0.57
2024-08-29,Tech Park,40.658719507789996,-74.10064492170439,Villa,1466893.74,6.28,33,74,0.43
2023-10-01,Suburbs,40.7419384802187,-74.12529372863511,Commercial,2075273.38,5.4,38,37,0.36
2024-01-13,Suburbs,40.73785291133576,-74.10154442090446,Commercial,1858651.35,6.16,98,93,0.49
2023-08-12,Downtown,40.72747290293363,-74.00822037747214,Studio,455456.46,3.99,58,45,0.47
2024-04-24,Tech Park,40.6780079958959,-74.03891550592108,Commercial,2566896.59,5.32,15,71,0.38
2023-02-04,Coastal,40.59579666184416,-73.96718055077737,Villa,1686913.49,5.52,93,19,0.47
2023-12-06,Coastal,40.621775393084334,-73.9575260144985,Commercial,2410805.19,5.0,45,8,0.67
2023-11-23,Downtown,40.75074577389547,-73.99506077809073,Commercial,3020653.72,4.24,22,24,0.55
2024-05-05,Downtown,40.70456353262073,-74.00336144066456,Studio,428040.3,4.33,89,50,0.49
2024-02-24,Suburbs,40.74838243004269,-74.08430018842307,Apartment,500232.4,5.59,69,43,0.46
2024-10-19,Downtown,40.70612442258322,-74.02624546713675,Commercial,2665944.23,4.71,9,96,0.51
2023-04-28,Tech Park,40.660148418556666,-74.0565403463522,Villa,1409262.22,6.37,45,47,0.6
2024-03-14,Industrial,40.79633699057893,-74.2071334626836,Commercial,1526038.84,7.64,26,14,0.45
2024-12-26,Downtown,40.7247128811514,-73.97868322788887,Commercial,3223468.93,3.76,60,59,0.58
2023-09-10,Downtown,40.721495401291136,-73.99649138634946,Villa,1828749.19,3.85,98,99,0.7
2024-07-11,Industrial,40.790960620207706,-74.21931329607047,Studio,279099.99,7.96,43,23,0.38
2023-08-13,Tech Park,40.67994863366359,-74.01284595312924,Apartment,754194.42,5.19,45,44,0.57
2023-12-06,Coastal,40.583751953021256,-73.92590651120013,Commercial,2437734.33,5.44,57,31,0.39
2024-08-11,Tech Park,40.66374131591718,-74.02066918281443,Apartment,576111.48,5.63,92,17,0.41
2023-09-06,Suburbs,40.76135514154172,-74.10003473046551,Apartment,439745.04,5.85,99,97,0.51
2023-12-10,Coastal,40.617051916065904,-73.90758863759139,Apartment,698779.03,4.35,25,45,0.39
2024-12-23,Suburbs,40.74969414678077,-74.09551320686444,Apartment,490680.79,5.68,1,42,0.52
2024-03-14,Coastal,40.59233077908485,-73.95806735346693,Villa,1641519.66,4.08,6,21,0.69
2024-08-22,Coastal,40.57554209960889,-73.97978292835799,Studio,393670.85,5.62,4,63,0.34
2023-07-28,Downtown,40.69054843395978,-74.02660612946589,Studio,479795.28,3.23,69,5,0.69
2024-09-08,Suburbs,40.76508151866316,-74.11667272289816,Studio,288210.13,4.73,9,94,0.61
2024-05-22,Tech Park,40.61373533427994,-74.07117221181058,Studio,360553.13,5.65,56,60,0.56
2023-03-30,Suburbs,40.75375077568828,-74.08614288488364,Commercial,1932234.76,5.45,81,2,0.54
2023-04-16,Downtown,40.723421932045696,-73.97355003318198,Commercial,2406532.43,4.02,82,75,0.63
2024-01-19,Coastal,40.61528210592656,-73.93357091141493,Studio,391779.04,5.24,55,35,0.55
2024-06-25,Downtown,40.73755448971058,-73.97842196600307,Commercial,3046345.2,4.04,51,72,0.52
2023-01-07,Coastal,40.584821903209594,-73.95754684153896,Commercial,2786493.73,4.65,6,24,0.59
2024-03-14,Suburbs,40.75298726964542,-74.0927171940789,Apartment,398713.87,5.9,98,28,0.54
2023-07-03,Coastal,40.60624756420933,-73.95257798368236,Commercial,2688570.08,5.37,20,96,0.56
2024-12-08,Coastal,40.5847965388977,-73.9464416638598,Commercial,2583180.96,5.04,7,27,0.55
2024-11-29,Downtown,40.7323673987554,-73.99393810630103,Commercial,2744839.42,4.58,48,96,0.49
2023-04-26,Coastal,40.58813855731135,-73.94370587384891,Villa,1750038.38,5.53,31,95,0.54
2023-12-01,Suburbs,40.76216457790615,-74.08133743855318,Commercial,1759910.27,5.54,36,8,0.52
2024-05-02,Coastal,40.619174388566485,-73.94316189957469,Studio,386545.42,5.07,34,62,0.52
2024-04-21,Tech Park,40.61651628602372,-74.10444555481845,Commercial,2626210.85,7.95,38,14,0.73
2024-08-23,Coastal,40.59637101861505,-73.95212674005063,Studio,301315.94,6.07,61,22,0.55
2024-03-17,Suburbs,40.74030418647286,-74.11684994982733,Commercial,1872574.42,5.55,98,94,0.67
2024-10-21,Downtown,40.71274499517932,-74.00557879603271,Studio,429396.82,3.94,73,69,0.57
2023-04-07,Suburbs,40.807684645531474,-74.0970116105298,Apartment,437022.35,5.52,82,27,0.4
2023-04-16,Coastal,40.617318532366106,-73.92997062748933,Apartment,668397.91,5.08,62,80,0.58
2023-04-23,Downtown,40.696504207800594,-73.98094314731145,Apartment,716383.15,4.38,81,79,0.56
2023-03-12,Suburbs,40.74575142140179,-74.0699157143434,Studio,287476.22,4.48,70,86,0.53
2024-03-06,Downtown,40.71772031928352,-74.02550732054557,Studio,508657.86,3.46,86,63,0.52
2023-10-13,Downtown,40.699619864835356,-74.03928953470667,Apartment,594330.9,3.97,98,65,0.39
2024-07-22,Downtown,40.69162992558009,-74.02567587835382,Studio,494585.91,4.68,16,61,0.48
2024-08-08,Suburbs,40.7813973287252,-74.09862725903145,Studio,265562.95,5.62,71,79,0.47
2023-03-22,Coastal,40.63159880215887,-73.96868295426216,Apartment,689907.3,5.24,84,1,0.6
2023-02-14,Tech Park,40.676283036226955,-74.05883210446842,Apartment,577030.97,5.93,55,64,0.54
2024-08-21,Suburbs,40.736942252836016,-74.10799798124262,Villa,1109083.83,6.22,26,35,0.44
2023-06-18,Coastal,40.59239185485178,-73.95661956347227,Apartment,726822.92,5.24,7,1,0.69
2023-05-06,Suburbs,40.76364271933491,-74.09404790114405,Studio,240721.98,5.35,63,42,0.47
2024-07-06,Coastal,40.62366647620887,-73.91652196822515,Studio,432543.61,4.77,81,64,0.64
2023-01-13,Suburbs,40.74709846808593,-74.09333975905767,Commercial,1377905.33,5.29,63,90,0.37
2023-06-25,Downtown,40.72181552507302,-73.99184747340355,Commercial,2571342.83,4.09,97,17,0.56
2023-12-03,Downtown,40.70409672674744,-73.99158621057612,Apartment,705964.55,4.27,21,18,0.42
2023-10-01,Tech Park,40.680905143395094,-74.00171565375523,Villa,1281978.96,5.11,49,29,0.54
2024-09-11,Industrial,40.79728145420288,-74.16656834098511,Apartment,470387.89,6.99,92,19,0.3
2023-06-03,Suburbs,40.747137685260725,-74.08425938326256,Villa,1073079.6,5.79,53,3,0.57
2024-11-26,Downtown,40.707740966015486,-74.01805343769118,Commercial,2475003.44,4.35,26,99,0.57
2023-02-15,Industrial,40.80913934729067,-74.17374194692161,Villa,905609.55,7.04,54,62,0.46
2023-05-14,Suburbs,40.74916783084538,-74.12060312266927,Studio,334820.11,6.66,78,43,0.47
2024-06-21,Suburbs,40.73691196209663,-74.1186132843592,Apartment,382544.28,5.45,52,68,0.41
2024-08-12,Industrial,40.74823166735591,-74.19915295738465,Studio,253181.16,7.8,21,28,0.62
2023-12-03,Industrial,40.77234130099366,-74.22361806903142,Villa,1000051.35,6.56,20,59,0.5
2023-12-05,Suburbs,40.76445366882412,-74.10502978514982,Villa,1198188.7,5.51,77,64,0.57
2023-05-03,Industrial,40.79301121345566,-74.21545137497513,Villa,802023.11,8.05,71,96,0.46
2023-05-23,Coastal,40.61826947464035,-73.92250402170873,Studio,347225.35,5.27,53,37,0.57
2024-06-12,Downtown,40.68944931569375,-73.99558893884536,Villa,1783270.04,3.9,11,38,0.54
2024-10-13,Coastal,40.61760570157968,-73.97173250353907,Villa,1420206.06,4.16,41,10,0.52
2024-05-30,Suburbs,40.7525827390629,-74.10352710672836,Villa,1037102.91,4.89,86,4,0.4
2024-01-27,Industrial,40.80439593469996,-74.18987518021389,Apartment,457892.23,7.78,12,73,0.65
2023-11-05,Suburbs,40.70884066493206,-74.0928756658037,Studio,284935.03,5.2,8,36,0.49
2023-11-02,Suburbs,40.73348031643947,-74.09112952523074,Villa,896170.1,4.36,38,38,0.5
2024-01-10,Tech Park,40.60844376360288,-74.05640595609073,Villa,1444212.21,5.84,38,24,0.62
2024-01-17,Tech Park,40.6260124576918,-74.00218467670464,Commercial,2490502.1,4.38,56,92,0.44
2023-10-25,Downtown,40.736660771691895,-74.0089807863234,Commercial,3215338.05,3.79,42,32,0.5
2023-12-09,Suburbs,40.75756141592003,-74.12884119083716,Apartment,365524.92,5.71,33,85,0.68
2023-08-14,Suburbs,40.73958272669698,-74.13161501634619,Studio,328588.29,4.72,18,88,0.59
2023-05-19,Tech Park,40.65543591370265,-74.04565166848626,Villa,1392966.22,6.96,68,42,0.58
2023-10-06,Coastal,40.57715320640467,-73.92984985210347,Commercial,2349468.3,4.42,24,34,0.5
2023-07-01,Downtown,40.699022289148495,-74.03071675482704,Apartment,763078.15,3.57,58,76,0.43
2023-09-15,Suburbs,40.77740087322342,-74.1326575567698,Commercial,1882848.89,5.61,88,76,0.52
2024-02-01,Industrial,40.77979555195776,-74.20924705047587,Apartment,416457.93,7.43,41,53,0.41
2023-02-09,Suburbs,40.748336625783956,-74.07576551403058,Studio,237890.72,6.08,85,70,0.35
2023-08-07,Suburbs,40.74710190841837,-74.13242238954112,Commercial,1741369.36,5.29,16,94,0.47
2023-10-27,Tech Park,40.63826433940981,-74.03011327840244,Studio,305558.08,5.46,97,92,0.24
2023-07-16,Industrial,40.80282881025846,-74.1772088892795,Villa,922813.25,7.12,78,75,0.54
2023-03-12,Suburbs,40.78869362458828,-74.12148610772452,Studio,288086.53,5.61,51,74,0.41
2024-09-01,Coastal,40.567541339946374,-73.97011707129498,Studio,323336.92,5.72,53,18,0.63
2024-02-29,Coastal,40.62292060288284,-73.96554742969693,Commercial,3023706.95,4.81,42,80,0.49
2024-01-03,Suburbs,40.74358880834948,-74.07083591023225,Commercial,1590576.91,5.57,42,39,0.44
2023-05-30,Suburbs,40.7836869703225,-74.07999956569813,Studio,250149.57,6.41,71,87,0.47
2024-11-19,Coastal,40.601969966960496,-73.92681531699432,Studio,391835.8,5.28,77,15,0.28
2024-02-24,Coastal,40.5696217834982,-74.00261460273659,Commercial,2466156.5,5.12,49,76,0.28
2023-03-25,Industrial,40.82639271324487,-74.18946926632655,Commercial,1523614.29,6.62,21,79,0.59
2024-02-18,Downtown,40.7357235652141,-74.00795972893441,Apartment,727696.79,3.9,84,52,0.61
2023-08-19,Suburbs,40.74115690059527,-74.13960300918109,Apartment,427422.2,4.6,91,60,0.47
2023-03-19,Coastal,40.578677334570536,-73.9487757525721,Apartment,642606.99,5.04,17,69,0.57
2024-01-13,Coastal,40.59734713711482,-73.9531983204567,Studio,426523.66,5.45,1,71,0.47
2023-03-21,Suburbs,40.76357687741052,-74.10038391100801,Studio,296264.91,5.56,5,21,0.34
2023-08-25,Tech Park,40.66209184689405,-74.03892087905835,Commercial,2605876.52,5.76,40,67,0.62
2023-02-24,Downtown,40.72268127837951,-74.06309253325809,Studio,423865.44,3.9,85,56,0.58
2023-09-15,Downtown,40.6756132645668,-74.01240925099519,Commercial,3007429.06,4.44,69,39,0.58
2023-03-22,Suburbs,40.75648917208705,-74.13607725585125,Commercial,1588316.38,5.32,25,69,0.49
2023-07-29,Tech Park,40.64704960870764,-74.04446836988818,Apartment,600513.36,6.19,23,81,0.53
2023-09-28,Downtown,40.695776737195004,-74.04420423857573,Studio,515397.4,3.97,86,27,0.61
2024-06-05,Downtown,40.701863838208546,-73.99421644331598,Commercial,2779589.09,3.88,86,18,0.47
2023-03-23,Coastal,40.61944181637513,-73.92393133116968,Studio,420377.52,4.95,34,71,0.4
2024-05-08,Coastal,40.59409210762602,-73.9300473584616,Studio,378815.02,4.62,4,39,0.38
2023-07-13,Industrial,40.814421855929716,-74.20656230666337,Commercial,1513025.13,6.47,48,20,0.46
2023-05-20,Downtown,40.70790630982332,-74.03317148030516,Villa,1605647.46,3.6,12,18,0.44
2023-05-02,Suburbs,40.7918639586442,-74.13023766839126,Apartment,485056.34,4.89,95,34,0.51
2023-03-19,Suburbs,40.73684425221409,-74.1144053543682,Villa,915073.32,5.42,67,3,0.62
2023-09-26,Suburbs,40.719630926820656,-74.10178477333085,Studio,243201.0,6.01,83,69,0.39
2023-11-20,Industrial,40.800578537281226,-74.20448764219783,Apartment,440844.06,7.76,35,95,0.4
2023-05-21,Industrial,40.78286698737178,-74.20284222922328,Commercial,1425042.12,7.35,99,81,0.33
2023-04-17,Coastal,40.581677169668374,-73.95330014722732,Commercial,2881497.71,5.13,12,88,0.53
2023-09-25,Tech Park,40.663627246531505,-74.0730738456268,Apartment,625326.52,6.93,45,35,0.29
2023-04-26,Coastal,40.59365299015515,-73.9660959749715,Villa,1645620.67,4.78,71,66,0.49
2024-04-08,Downtown,40.71970302299613,-74.0229948266432,Apartment,614702.5,4.19,45,11,0.45
2023-12-01,Suburbs,40.73270795717764,-74.09488704592299,Studio,291488.1,5.5,49,52,0.44
2023-06-15,Downtown,40.747168141452974,-74.0558468625586,Villa,1777503.65,3.68,95,64,0.39
2023-12-24,Industrial,40.80270676695784,-74.21000772180241,Commercial,1670160.28,9.16,13,41,0.35
2023-10-28,Coastal,40.5973395623872,-73.93301595381476,Studio,363992.9,5.1,58,27,0.47
2024-07-18,Tech Park,40.62062264870268,-74.05608295071376,Commercial,2163905.73,6.28,19,9,0.2
2023-02-08,Tech Park,40.6455436860056,-74.04515395450672,Studio,412511.02,5.89,29,11,0.58
2024-09-02,Suburbs,40.760226532883244,-74.07339236628684,Commercial,2037791.11,5.43,67,63,0.58
2023-09-15,Coastal,40.624070731638135,-73.943135324032,Villa,1681156.78,4.97,10,76,0.57
2023-12-12,Downtown,40.70960869436016,-73.9945305402611,Villa,1931082.45,3.86,5,15,0.49
2024-06-08,Coastal,40.60858265723045,-73.96433417657835,Studio,389819.75,5.19,66,54,0.5
2023-07-18,Coastal,40.634577597747935,-73.96469146773146,Studio,311227.28,4.4,63,85,0.42
2024-05-12,Industrial,40.849284248819984,-74.19346471044678,Apartment,500577.55,7.58,94,26,0.58
2023-12-08,Industrial,40.81845570192341,-74.20983475697582,Commercial,1522314.55,7.8,80,28,0.53
2024-05-25,Tech Park,40.626857667625735,-74.07666256709555,Commercial,2579297.48,6.84,92,72,0.58
2024-06-20,Suburbs,40.7732567715507,-74.1173850471043,Apartment,434566.57,4.87,54,67,0.55
2024-05-20,Tech Park,40.67178018649093,-74.06397575237055,Villa,1531831.61,6.27,84,65,0.5
2024-05-09,Tech Park,40.64323383867073,-74.04842194337711,Commercial,2289270.67,5.49,86,64,0.56
2024-06-19,Industrial,40.79953955083129,-74.21266857928394,Commercial,1492273.74,6.55,59,81,0.55
2024-12-30,Downtown,40.70715624478371,-73.98549226870912,Commercial,2862025.7,3.33,49,26,0.47
2024-03-30,Downtown,40.71866549930521,-74.02085549689058,Studio,447785.78,4.2,36,32,0.38
2024-03-14,Coastal,40.621156283616415,-73.96146679678432,Apartment,632028.17,6.2,69,51,0.77
2023-12-22,Coastal,40.614454419589066,-73.94006769234066,Studio,384013.05,4.88,82,50,0.47
2024-09-06,Suburbs,40.73206869645191,-74.07639743652517,Commercial,2005972.75,6.03,31,73,0.49
2023-08-26,Downtown,40.72281663182009,-74.02356947602684,Villa,1603638.61,4.32,84,2,0.52
2024-06-24,Tech Park,40.643932998650456,-74.05427674846275,Commercial,2715065.55,5.47,32,74,0.52
2024-10-10,Coastal,40.6026437293903,-73.95229434248249,Apartment,643469.08,4.97,9,62,0.52
2023-06-06,Downtown,40.727215441696764,-73.98854351297989,Commercial,2710152.98,4.58,57,49,0.36
2024-06-15,Industrial,40.81637607551474,-74.19684084794439,Villa,945323.12,6.48,97,92,0.48
2024-07-10,Suburbs,40.74733643719465,-74.10788945386855,Apartment,464381.67,5.54,67,30,0.49
2024-11-27,Suburbs,40.76617838538785,-74.111689105837,Apartment,438565.34,5.14,62,3,0.38
2023-01-31,Tech Park,40.68641087815883,-74.04191329044738,Studio,327157.38,5.59,77,69,0.58
2024-11-13,Suburbs,40.75317663879458,-74.1124850684114,Commercial,2045534.75,4.74,71,70,0.33
2024-07-18,Coastal,40.61391474997021,-73.92309237504745,Villa,1543088.85,5.21,42,76,0.63
2023-12-20,Downtown,40.69325324881563,-73.98927396398656,Villa,1868610.19,3.58,52,46,0.37
2024-06-25,Suburbs,40.76726437958035,-74.12055195502825,Studio,256880.84,5.84,19,5,0.41
2024-12-27,Coastal,40.58872634675337,-73.94169454841774,Commercial,2614524.62,4.85,62,83,0.48
2024-08-31,Industrial,40.800175269697704,-74.20907272775183,Commercial,1876196.25,6.97,96,12,0.52
2024-11-19,Tech Park,40.63519364858505,-74.0520564826096,Villa,1656789.45,6.37,28,33,0.43
2023-05-24,Suburbs,40.75120515354665,-74.08953553628525,Apartment,395085.57,5.5,65,38,0.52
2024-02-29,Suburbs,40.78497151828117,-74.10781463828816,Studio,250589.96,5.61,62,29,0.57
2023-10-05,Suburbs,40.73962896785578,-74.0556891076759,Commercial,1900212.45,5.33,50,89,0.41
2024-11-25,Tech Park,40.62359619528335,-74.0534247791291,Commercial,2389068.73,5.61,25,13,0.47
2023-11-19,Suburbs,40.73126613040379,-74.08695387696778,Villa,903815.81,4.81,94,68,0.57
2023-10-24,Tech Park,40.63248216565701,-74.05382859938464,Villa,1430132.08,5.79,24,99,0.52
2024-10-16,Suburbs,40.750204029428495,-74.11348685907143,Studio,249915.08,5.06,32,64,0.47
2024-06-24,Coastal,40.61902612488599,-73.93946204152668,Commercial,2931524.19,5.4,48,65,0.53
2024-02-09,Suburbs,40.732286754766875,-74.0742922944197,Commercial,1687395.49,5.43,44,28,0.56
2024-05-20,Tech Park,40.674198985171174,-74.02795421250141,Studio,381748.34,5.67,66,46,0.54
2024-11-03,Downtown,40.71993945518534,-74.04554141947821,Commercial,3325239.93,4.29,21,58,0.51
2024-10-21,Tech Park,40.6671219170846,-74.038498784649,Villa,1488718.83,5.71,26,70,0.6
2024-07-13,Downtown,40.70193054482341,-74.00330585063794,Apartment,741111.85,4.09,94,5,0.43
2024-11-17,Suburbs,40.72269956409147,-74.0859701043615,Villa,745235.58,5.57,33,72,0.71
2024-07-04,Suburbs,40.755079359218016,-74.11765990447002,Apartment,403179.13,5.82,9,87,0.46
2024-06-10,Suburbs,40.72005484709643,-74.07438120846666,Studio,262611.46,5.23,80,41,0.57
2023-03-01,Suburbs,40.762355003561744,-74.0947764638605,Commercial,1984176.18,4.85,82,29,0.47
2023-06-02,Tech Park,40.65030365885081,-74.06949613151845,Apartment,601371.45,6.44,81,58,0.27
2024-04-10,Coastal,40.61565259652633,-73.96187432117071,Commercial,2888149.37,4.78,18,73,0.48
2024-06-14,Downtown,40.715446953990174,-74.00091196456698,Commercial,3061504.43,4.32,34,84,0.54
2024-03-20,Tech Park,40.650919187922376,-74.04560709679434,Apartment,581363.59,5.14,7,16,0.47
2024-06-07,Coastal,40.64299106527466,-73.91333030845647,Commercial,2731825.27,4.97,17,32,0.47
2024-03-12,Industrial,40.76808212062851,-74.20666589772723,Apartment,407274.32,6.95,97,55,0.34
2023-05-01,Downtown,40.69147566557913,-73.95841981973196,Villa,1625788.33,4.22,31,88,0.44
2024-03-17,Downtown,40.695639782227346,-74.0376637465794,Studio,455151.42,4.09,91,25,0.4
2023-02-06,Coastal,40.60169010291386,-73.93404010900775,Villa,1084546.74,4.79,72,20,0.52
2024-03-08,Tech Park,40.68495109815247,-74.05519951977337,Studio,328705.04,6.91,19,12,0.57
2024-09-17,Coastal,40.62701704661398,-73.96307358281275,Commercial,2548394.04,4.56,50,38,0.62
2024-10-09,Coastal,40.610619513239286,-73.94234397603398,Apartment,648516.78,5.16,50,14,0.45
2024-12-03,Suburbs,40.760620521897884,-74.09702246392165,Studio,252814.36,5.53,78,56,0.59
2024-01-07,Coastal,40.61897626192943,-73.95165292936053,Studio,471890.58,4.29,35,21,0.48
2024-05-26,Suburbs,40.74242049862187,-74.13738331522,Apartment,452007.35,6.19,86,78,0.38
2024-04-24,Tech Park,40.654657361748534,-74.02564732820534,Commercial,2179451.23,5.85,30,81,0.41
2023-08-17,Coastal,40.59555780076135,-73.95749307935624,Studio,437038.62,5.3,47,79,0.41
2024-12-11,Downtown,40.72230731221384,-74.00357906100238,Commercial,3148974.5,4.02,35,93,0.6
2024-04-10,Suburbs,40.73355847976344,-74.12438568933044,Studio,269862.18,5.14,53,72,0.47
2024-09-30,Suburbs,40.739816644601504,-74.09238094328613,Studio,257986.41,5.23,92,78,0.38
2023-01-07,Tech Park,40.639634947222774,-74.02349447819125,Villa,1456222.71,6.51,95,20,0.46
2024-03-30,Coastal,40.579887080272165,-73.91790984839669,Villa,1395014.06,5.36,9,48,0.41
2023-08-22,Coastal,40.57723883362689,-73.94271040544308,Apartment,620844.72,5.12,19,39,0.45
2023-10-11,Suburbs,40.72985500283088,-74.07806905763539,Apartment,351393.58,5.46,22,3,0.6
2024-09-10,Tech Park,40.657783396204465,-74.04998582744639,Commercial,2635843.95,5.16,94,2,0.72
2023-01-06,Tech Park,40.67398673561856,-74.02202939450585,Studio,417486.59,6.83,96,27,0.52
2024-07-05,Downtown,40.69445689017258,-73.99260383803981,Studio,441193.57,4.42,57,42,0.39
2023-06-01,Coastal,40.596965324831594,-73.92979675092946,Villa,1371133.45,5.52,8,39,0.43
2023-05-16,Coastal,40.578736532885216,-73.94170734209517,Villa,1508387.69,5.0,34,96,0.61
2023-01-09,Downtown,40.71910489853142,-73.96513948396301,Apartment,771768.49,4.06,21,58,0.53
2023-04-25,Tech Park,40.65499858052526,-74.06122966049531,Apartment,561420.46,5.87,46,8,0.41
2023-02-22,Downtown,40.66470900948299,-74.03515248973241,Villa,1671901.28,4.59,30,12,0.45
2023-08-23,Coastal,40.626886364159745,-73.9241348144614,Commercial,2409099.34,4.93,22,93,0.51
2023-03-31,Tech Park,40.65569650557247,-74.05575209468361,Studio,413673.73,5.39,89,24,0.43
2023-04-03,Industrial,40.79628151038102,-74.23198789524389,Villa,784686.16,7.73,95,79,0.38
2024-09-12,Coastal,40.60912477594735,-73.9139692077215,Commercial,2655344.97,5.52,47,71,0.64
2024-01-27,Coastal,40.5946922920179,-73.9258435593076,Apartment,702740.23,5.69,81,42,0.7
2023-12-28,Coastal,40.56362892930627,-73.96328408687893,Apartment,526092.3,5.36,93,20,0.54
2023-06-15,Downtown,40.71875611763941,-73.96394795130207,Villa,1927683.45,4.01,90,31,0.59
2024-11-18,Downtown,40.70500914410834,-74.0135584672057,Studio,416310.99,4.3,79,96,0.59
2023-09-06,Suburbs,40.76866836965917,-74.13521872873261,Villa,1002303.07,6.31,89,96,0.37
2024-05-15,Coastal,40.59940366366663,-73.95124092377164,Studio,324735.36,5.77,23,9,0.61
2023-02-15,Suburbs,40.7516893357278,-74.12138508987509,Villa,1089334.46,5.27,50,34,0.5
2023-04-23,Coastal,40.61010042176547,-73.92590810841264,Villa,1588475.94,5.31,7,89,0.47
2024-02-22,Tech Park,40.640005590011604,-74.05205337217132,Apartment,653349.23,5.33,17,59,0.58
2023-11-11,Suburbs,40.737989779636294,-74.10790379666062,Apartment,493651.67,5.89,10,11,0.62
2023-12-23,Coastal,40.6410568322616,-73.93711416947478,Apartment,654902.15,4.49,85,40,0.45
2023-07-19,Coastal,40.65078763245566,-73.94203005299389,Studio,386888.41,4.93,39,49,0.55
2023-05-09,Downtown,40.68115144051953,-73.98966325977138,Apartment,730678.46,3.97,81,93,0.47
2023-08-08,Industrial,40.79971459294101,-74.22553711552882,Apartment,437940.34,6.37,39,88,0.37
2024-11-01,Downtown,40.72065268231302,-73.99692828952982,Apartment,793701.06,3.82,2,15,0.67
2023-01-16,Industrial,40.805291305250684,-74.18735758105545,Commercial,1500360.39,7.72,66,41,0.46
2023-11-22,Coastal,40.59751428445675,-73.95422768459636,Commercial,2573445.4,5.49,19,68,0.55
2023-06-02,Tech Park,40.639415979803765,-74.04513212388184,Apartment,474393.66,6.08,18,10,0.79
2023-12-06,Industrial,40.78368577778746,-74.17765328919997,Apartment,364743.0,7.98,55,93,0.56
2024-05-17,Downtown,40.70565257807167,-74.02584087121554,Villa,1700334.87,3.83,21,77,0.4
2024-11-09,Tech Park,40.67452312735103,-74.06573863100408,Studio,314732.98,5.89,81,21,0.48
2024-10-23,Coastal,40.588462858105665,-73.95737878878063,Villa,1593354.17,5.63,5,90,0.41
2023-06-01,Tech Park,40.6454394394043,-74.02122347241091,Commercial,2647065.73,5.8,94,99,0.44
2023-06-26,Industrial,40.79302471070601,-74.19394604011246,Apartment,408107.13,5.8,75,57,0.62
2024-03-29,Downtown,40.678999788998624,-74.00953644551547,Studio,442111.75,4.16,23,27,0.42
2024-08-22,Downtown,40.72901726231197,-74.00018070539726,Apartment,711974.35,4.01,51,88,0.27
2023-07-12,Tech Park,40.673637186762186,-74.03715580455378,Studio,352584.37,5.66,39,71,0.39
2023-10-14,Downtown,40.707661097497564,-74.00752890254456,Commercial,2773384.93,3.77,2,15,0.35
2023-02-25,Coastal,40.632003272777304,-73.9334703825928,Commercial,2150643.54,4.99,92,10,0.37
2023-03-25,Suburbs,40.7438306133358,-74.11931565265728,Villa,1021834.04,4.85,94,42,0.51
2024-04-11,Tech Park,40.66223985263829,-74.0845134850675,Villa,1622205.5,5.71,21,88,0.63
2024-12-15,Downtown,40.70346115448493,-73.98850511833938,Studio,465433.36,4.11,80,24,0.62
2023-12-02,Tech Park,40.65721972165074,-74.08222338926348,Villa,1267239.56,6.42,51,35,0.61
2023-10-12,Suburbs,40.728137848787995,-74.13205815123597,Commercial,1658850.55,5.83,14,76,0.44
2024-02-20,Suburbs,40.75553989040854,-74.07285319066507,Villa,948575.16,6.25,2,81,0.66
2023-04-20,Industrial,40.80913376021461,-74.20962921553065,Apartment,343868.54,6.55,83,40,0.58
2023-05-30,Tech Park,40.64582663257559,-74.05625336891464,Villa,1480904.15,6.15,73,6,0.49
2024-05-01,Tech Park,40.63296675651331,-74.0313503229546,Commercial,2452819.76,6.84,72,61,0.54
2024-05-19,Tech Park,40.61979917576029,-74.05441076458312,Villa,1298238.41,5.73,4,77,0.61
2024-01-28,Tech Park,40.65420606080444,-74.03896093704009,Studio,372340.67,5.65,64,41,0.53
2023-06-11,Industrial,40.82450941090629,-74.20366819974585,Commercial,1484130.2,6.96,97,51,0.43
2024-07-13,Suburbs,40.75304098662046,-74.10694372990224,Apartment,484686.1,5.69,86,76,0.59
2024-06-24,Coastal,40.61999429606531,-73.96796338766305,Commercial,2528551.4,3.9,65,15,0.61
2023-11-13,Suburbs,40.731749844512116,-74.09611889867232,Villa,1197981.58,5.04,1,5,0.34
2024-10-12,Downtown,40.70540341822911,-74.01255873044755,Studio,441439.16,3.4,64,31,0.53
2023-05-12,Suburbs,40.7752202795316,-74.12192440649737,Studio,268167.47,5.41,74,34,0.69
2023-05-10,Coastal,40.61505845330576,-73.93357198706016,Villa,1468519.24,4.69,76,1,0.57
2023-11-26,Tech Park,40.64697695426753,-74.08148594697111,Villa,1295913.26,5.23,38,11,0.34
2023-06-27,Tech Park,40.66332252936194,-74.08286280530152,Villa,1454282.65,7.01,31,42,0.51
2024-04-21,Industrial,40.7607145140037,-74.19794282844136,Commercial,1623894.71,6.01,56,22,0.64
2024-06-08,Downtown,40.6749447564482,-73.99977018282405,Apartment,772917.33,3.5,28,77,0.41
2023-10-24,Tech Park,40.650125463123686,-74.074993328959,Studio,317034.09,5.68,40,28,0.45
2024-03-14,Tech Park,40.63581137685343,-74.0371080913517,Studio,384613.54,5.97,75,14,0.44
2023-10-12,Coastal,40.576417835712746,-74.01142301975798,Villa,1681363.69,5.25,49,54,0.57
2023-07-29,Suburbs,40.753729217502716,-74.10475641235212,Villa,1296313.99,5.39,72,92,0.63
2024-12-02,Industrial,40.81288384422077,-74.19162854228018,Villa,994515.45,7.24,11,20,0.49
2024-10-09,Coastal,40.57529250185746,-73.91953546585643,Studio,398393.61,5.38,47,94,0.53
2024-05-30,Industrial,40.77186113198973,-74.15971539051044,Studio,255299.46,7.69,26,77,0.4
2024-06-23,Industrial,40.78765025687683,-74.20148827646864,Apartment,454972.28,6.56,77,58,0.6
2023-06-01,Industrial,40.84698198517575,-74.2038858210123,Villa,921953.44,7.32,47,16,0.42
2023-01-03,Suburbs,40.75638320355018,-74.10401805011084,Apartment,428295.89,6.1,80,59,0.62
2023-11-28,Coastal,40.62072314522277,-73.9902524383304,Commercial,2625857.49,4.89,23,78,0.6
2023-09-28,Downtown,40.70737265609075,-73.98380045455605,Studio,456181.78,3.7,46,56,0.45
2023-03-29,Tech Park,40.66563131107764,-74.0359371491556,Apartment,631992.44,6.06,33,72,0.71
2023-12-09,Downtown,40.718711212035736,-74.0002195589879,Apartment,671158.5,2.99,16,48,0.53
2023-10-19,Downtown,40.72088902397328,-74.01054212015562,Villa,1774483.64,3.58,10,49,0.27
2023-02-26,Downtown,40.722891636289546,-73.99346923273326,Studio,477635.08,3.1,76,30,0.43
2023-01-23,Suburbs,40.73437455000611,-74.09271440478436,Commercial,1595142.77,5.37,65,18,0.53
2024-09-12,Coastal,40.60922849665917,-73.92398116973936,Commercial,2325533.73,4.82,10,20,0.43
2024-05-06,Coastal,40.64234387545653,-73.96020241478958,Studio,418451.25,6.02,12,21,0.55
2023-11-02,Downtown,40.705151480837344,-74.00590839721309,Villa,1841382.29,3.79,96,49,0.46
2024-04-27,Coastal,40.60635895514647,-73.9484884725466,Commercial,2872704.68,4.08,50,16,0.19
2023-12-12,Downtown,40.756274202791055,-74.04089300480598,Villa,1740559.84,3.99,47,44,0.7
2023-03-15,Coastal,40.58110025698497,-73.97785618216378,Commercial,2442755.93,4.84,23,68,0.5
2024-01-19,Tech Park,40.62303645909145,-74.04968635527057,Commercial,2601685.64,7.22,81,87,0.44
2024-10-25,Tech Park,40.61976603545501,-74.00623002027808,Apartment,585977.7,6.71,15,10,0.65
2024-10-01,Downtown,40.712652906927026,-74.00196135597868,Studio,423921.12,3.98,10,63,0.59
2023-05-15,Downtown,40.70311454075606,-74.01783094415345,Villa,1624417.2,4.14,39,28,0.71
2024-04-07,Tech Park,40.646620270036905,-74.03462703824063,Apartment,653920.15,6.02,68,9,0.53
2023-08-06,Industrial,40.792345381401425,-74.19181041227604,Villa,1093152.7,6.09,82,71,0.49
2023-12-25,Suburbs,40.78987725878465,-74.10910920767692,Commercial,2108863.37,5.45,57,9,0.57
2024-04-24,Tech Park,40.673575926555706,-74.06480980212665,Apartment,651889.47,6.57,6,85,0.58
2024-02-16,Downtown,40.73373845479312,-74.0320744926205,Commercial,3248766.28,3.77,79,78,0.3
2024-06-21,Industrial,40.80188797126957,-74.17996875440474,Villa,873901.27,8.01,73,96,0.59
2024-08-12,Coastal,40.58094887764011,-73.9435700419489,Studio,408971.54,4.87,43,76,0.61
2023-06-05,Suburbs,40.73906847375507,-74.10109556720677,Villa,980379.4,5.11,29,17,0.57
2023-12-15,Industrial,40.82770972681036,-74.20894746499683,Studio,198473.69,7.93,49,70,0.62
2023-08-28,Downtown,40.754200527649566,-73.99006970078415,Commercial,3238840.1,3.87,37,51,0.55
2023-12-25,Suburbs,40.76571482579423,-74.0729134020645,Villa,1070871.59,4.47,95,71,0.45
2023-10-23,Suburbs,40.77982336628451,-74.11071114159397,Villa,998197.48,5.68,75,69,0.4
2023-01-13,Downtown,40.72164656621998,-74.00509114535336,Commercial,3149345.75,4.02,92,24,0.51
2023-07-27,Downtown,40.735396057032794,-74.00809935415127,Apartment,795959.31,3.76,73,59,0.49
2024-03-17,Industrial,40.847035436779436,-74.21104087230326,Apartment,451208.61,6.81,64,71,0.66
2023-07-26,Tech Park,40.666520575834134,-74.04742742618691,Villa,1390224.04,5.7,1,50,0.41
2024-11-06,Coastal,40.61111882903292,-73.98809888908022,Studio,326674.2,4.82,70,1,0.46
2023-08-14,Suburbs,40.72570387728223,-74.09728281151835,Studio,268582.36,5.47,81,30,0.46
2023-08-27,Tech Park,40.65425639693766,-74.0566789119261,Apartment,562311.38,6.06,59,92,0.38
2024-03-06,Downtown,40.72325020140421,-74.04138100607479,Studio,466503.59,4.2,6,89,0.58
2024-10-04,Downtown,40.687904662516615,-74.00652967256578,Apartment,653296.01,4.52,50,2,0.55
2024-03-19,Industrial,40.823786656686245,-74.1702613645614,Studio,213448.91,7.61,50,68,0.4
2023-09-04,Downtown,40.67470128445164,-74.00084933693742,Studio,454824.36,3.87,65,88,0.34
2023-08-02,Tech Park,40.706669912237885,-74.03850283008634,Villa,1362833.26,5.29,12,46,0.57
2024-09-22,Downtown,40.71338871315136,-74.02916428694178,Commercial,2690935.41,3.92,99,22,0.61
2024-10-05,Coastal,40.61387935030409,-73.95569673875485,Studio,385858.43,4.37,19,81,0.52
2023-03-04,Tech Park,40.669760433470316,-74.02921042371749,Studio,390807.32,5.24,43,37,0.56
2023-07-08,Tech Park,40.633575627515825,-73.9959394487119,Studio,351696.18,6.18,72,43,0.57
2024-04-16,Suburbs,40.72902092529288,-74.11785294846864,Commercial,1563113.83,5.1,7,9,0.5
2023-08-30,Suburbs,40.79000384367044,-74.09457561742202,Commercial,2008910.06,5.81,11,33,0.47
2024-12-18,Tech Park,40.65701495394095,-74.07489256934316,Studio,388002.48,6.36,81,90,0.39
2024-07-19,Suburbs,40.76641107005776,-74.12051181305273,Villa,1119932.01,6.96,59,36,0.51
2023-11-07,Coastal,40.570868240534814,-73.9126831089543,Apartment,696864.8,4.73,21,52,0.31
2023-08-20,Tech Park,40.658309503030125,-74.05408922036612,Commercial,2360748.54,5.46,53,51,0.66
2024-08-08,Tech Park,40.63422301500517,-74.05522600221137,Commercial,2481136.06,6.39,1,35,0.47
2024-02-21,Coastal,40.57423542688955,-73.96314269924557,Studio,362788.96,5.17,4,14,0.41
2024-01-22,Suburbs,40.72280061619762,-74.07544400024297,Commercial,1508795.89,5.71,21,43,0.51
2024-06-24,Suburbs,40.74812684477134,-74.0865541318392,Commercial,1529914.22,5.46,46,49,0.52
2023-05-24,Downtown,40.70824560770328,-73.99169013806461,Apartment,832549.8,3.85,55,51,0.34
2023-01-31,Tech Park,40.671630281725996,-74.07515712864242,Apartment,535440.08,7.02,52,10,0.57
2024-11-29,Suburbs,40.745612267273415,-74.09960596126733,Villa,1082868.49,5.47,83,87,0.4
2023-03-08,Suburbs,40.766803339701795,-74.08988529135054,Apartment,446098.45,5.43,86,61,0.51
2023-05-12,Industrial,40.812917808405516,-74.2219808950311,Villa,898319.87,7.48,1,4,0.55
2023-03-03,Downtown,40.70624253407066,-74.00092586561017,Commercial,2730823.52,3.61,73,3,0.42
2024-11-21,Industrial,40.80205834781046,-74.24628088132,Studio,219852.44,7.93,3,98,0.62
2023-01-21,Tech Park,40.694629978220554,-74.08274561478807,Commercial,2274927.51,5.85,33,32,0.52
2024-06-04,Tech Park,40.63797746894662,-74.0266816695949,Apartment,608195.84,6.02,93,70,0.34
2023-11-03,Industrial,40.79505764412664,-74.18938211371568,Villa,1042381.35,8.21,8,81,0.4
2023-06-22,Tech Park,40.62319886219278,-74.05433829980853,Studio,409250.86,6.08,88,99,0.36
2023-07-03,Tech Park,40.67517418916396,-74.05217375433173,Villa,1385528.18,5.38,64,62,0.61
2023-02-28,Industrial,40.833066192743566,-74.18753825304222,Studio,221694.44,7.97,22,9,0.62
2024-09-28,Industrial,40.82037313459826,-74.2166124316109,Commercial,1881940.43,6.24,41,55,0.71
2023-12-05,Tech Park,40.66075536380737,-74.04387221035853,Villa,1296243.82,6.31,95,33,0.54
2024-01-03,Downtown,40.723955744808066,-74.01928874364211,Apartment,672966.19,3.96,16,52,0.62
2024-07-29,Tech Park,40.6728013569299,-74.0667418026723,Commercial,2663876.89,5.89,5,12,0.55
2024-01-28,Downtown,40.69557380840606,-74.02675636707514,Apartment,860855.08,3.63,91,45,0.48
2023-07-16,Downtown,40.73296144055649,-74.00457440788631,Villa,1970113.19,4.05,77,16,0.49
2024-12-27,Tech Park,40.64156491056781,-74.0399500060774,Villa,1311732.16,5.63,2,96,0.4
2024-04-09,Suburbs,40.761772709195924,-74.08543309573861,Studio,295760.3,6.17,41,7,0.57
2023-03-30,Tech Park,40.659840138206306,-74.09481693488046,Commercial,2401352.6,6.83,16,37,0.6
2024-09-13,Tech Park,40.65682431684984,-74.01999450781997,Studio,423577.81,7.67,26,10,0.5
2024-06-25,Coastal,40.614448939704424,-73.917179363318,Commercial,2698867.45,4.61,60,40,0.45
2023-05-27,Downtown,40.74492854195864,-73.99662888461881,Commercial,3198768.76,4.06,41,90,0.47
2024-03-27,Tech Park,40.65967706805928,-74.0767313700063,Commercial,2720797.77,6.03,4,94,0.45
2024-09-15,Coastal,40.58638261247805,-73.98756357999063,Commercial,2564763.17,5.39,77,51,0.57
2024-03-10,Tech Park,40.651870469928774,-74.01627273044515,Commercial,2247018.26,5.7,75,72,0.55
2024-07-24,Downtown,40.72692461949534,-74.00144017672582,Commercial,2823643.11,4.09,44,56,0.41
2024-05-06,Suburbs,40.77125707386067,-74.12346491379894,Apartment,465969.32,6.07,76,9,0.37
2024-02-21,Industrial,40.79586030821803,-74.22062050550295,Villa,878763.52,7.62,61,18,0.49
2024-07-22,Tech Park,40.652955118148,-74.0193933087129,Commercial,2213257.25,5.14,55,57,0.58
2024-06-24,Tech Park,40.65064508458122,-74.01366787672889,Villa,1324483.29,5.31,35,74,0.61
2024-12-10,Coastal,40.58857632051832,-73.93549132416862,Studio,385902.94,5.45,47,40,0.36
2024-06-16,Coastal,40.60001999407427,-73.92634398898923,Apartment,554360.7,4.66,33,4,0.57
2024-04-25,Downtown,40.71593519044732,-74.01577984579157,Studio,422291.81,3.91,77,47,0.64
2023-06-04,Industrial,40.80084559663186,-74.23305478286318,Commercial,1523314.24,5.97,60,18,0.35
2024-03-20,Tech Park,40.642481285601725,-74.01414432059916,Commercial,2699753.53,4.84,17,98,0.59
2023-03-17,Suburbs,40.77271032581926,-74.09636802461809,Commercial,1753181.56,4.78,68,25,0.4
2023-06-24,Industrial,40.795014282854474,-74.19934690794211,Apartment,378517.62,6.93,62,35,0.62
2024-09-14,Suburbs,40.7372534269212,-74.09203916881063,Apartment,500537.39,5.71,16,18,0.61
2024-12-06,Industrial,40.778472376251955,-74.20080505796842,Villa,778395.42,6.0,95,80,0.45
2024-09-30,Suburbs,40.73895477495775,-74.12194287299258,Apartment,453970.61,6.04,93,52,0.45
2023-04-02,Suburbs,40.723264161615845,-74.05680521478678,Commercial,1464932.8,5.24,62,27,0.37
2023-10-11,Coastal,40.59073872111532,-74.00768648734356,Commercial,2577357.97,5.94,15,21,0.52
2023-05-07,Coastal,40.619292035146074,-73.93599833845603,Studio,419695.35,4.96,80,25,0.48
2023-02-07,Industrial,40.82087690884345,-74.20042690604345,Commercial,1498975.59,7.04,1,49,0.58
2024-04-25,Tech Park,40.62762467674372,-74.05433046395072,Commercial,2174582.03,5.49,20,51,0.56
2024-10-28,Downtown,40.72597908269562,-74.01492664157534,Apartment,704631.99,4.2,14,69,0.49
2024-12-19,Coastal,40.58944175214628,-73.89724236495479,Studio,401773.06,5.04,54,41,0.44
2024-11-06,Downtown,40.72534582402571,-73.98376602928712,Commercial,3045309.87,3.74,38,3,0.58
2024-10-01,Industrial,40.78450950781205,-74.21548923287848,Apartment,384547.82,7.62,83,26,0.66
2024-05-15,Tech Park,40.62581602577521,-74.04886516633407,Apartment,655192.29,6.61,69,93,0.47
2024-11-05,Industrial,40.83174188318065,-74.24048686996413,Apartment,392132.82,7.35,41,30,0.54
2023-07-13,Tech Park,40.631417273189804,-74.07268040371869,Villa,1241501.89,6.44,87,84,0.41
2023-10-03,Coastal,40.62147114716066,-73.98894684948282,Apartment,713599.76,5.14,2,78,0.44
2023-08-24,Industrial,40.79344978359838,-74.17779205232286,Villa,805065.31,6.44,6,31,0.59
2023-05-28,Suburbs,40.73081952066318,-74.07533187847294,Villa,1079169.59,4.72,46,34,0.45
2023-08-09,Tech Park,40.618836031404996,-74.02162141991643,Apartment,593126.43,6.05,82,88,0.46
2023-04-24,Industrial,40.81859480449622,-74.20125334182912,Villa,897515.96,6.7,62,47,0.68
2024-05-16,Coastal,40.6366311013455,-73.95492923583838,Apartment,672103.88,4.68,63,12,0.62
2023-03-27,Coastal,40.61330179676551,-73.97338961258406,Studio,361882.17,4.0,21,56,0.37
2023-12-20,Downtown,40.702563950679895,-73.99472165193791,Commercial,3472079.89,3.77,63,87,0.54
2023-04-03,Industrial,40.76529395106791,-74.2361635584506,Apartment,447303.77,6.43,9,36,0.46
2023-04-07,Downtown,40.735177891958614,-73.98051143146625,Commercial,3629619.71,3.45,6,26,0.59
2023-11-28,Industrial,40.80144504096476,-74.17000553587488,Villa,907351.56,7.35,28,71,0.49
2023-09-02,Suburbs,40.749512028655275,-74.12844459299012,Villa,870279.26,5.5,43,42,0.4
2024-02-07,Coastal,40.634551040852415,-73.96730567744785,Studio,433309.74,5.66,23,85,0.54
2024-09-26,Coastal,40.58501225200111,-73.95618624827004,Villa,1978806.39,5.4,5,62,0.65
2023-04-03,Tech Park,40.6293504206421,-74.03120805256256,Villa,1218534.63,6.59,61,51,0.48
2024-01-13,Suburbs,40.75987032070406,-74.10275926197485,Villa,1133076.12,5.37,63,89,0.58
2023-02-03,Industrial,40.777026467358525,-74.21101174134002,Studio,252232.54,7.26,59,53,0.42
2023-10-24,Coastal,40.595677912576335,-73.97033048724366,Apartment,553697.25,4.33,55,95,0.44
2023-10-09,Coastal,40.63658659327055,-73.91933992098546,Studio,437296.76,5.37,57,6,0.38
2023-12-07,Downtown,40.72848292832707,-74.02396054452649,Studio,430213.5,3.76,61,10,0.43
2024-12-28,Suburbs,40.75726574552688,-74.13013050516078,Apartment,404806.92,5.84,11,96,0.33
2024-06-08,Coastal,40.61314402202592,-73.95278537413336,Villa,1371589.53,5.4,64,1,0.48
2023-10-09,Suburbs,40.74308038338195,-74.11577393018418,Studio,307081.96,5.67,54,34,0.52
2024-06-20,Tech Park,40.64431419778893,-74.03493191258241,Villa,1480337.86,4.83,93,96,0.68
2023-11-14,Tech Park,40.65862599626127,-74.02505853067572,Villa,1565001.39,5.36,37,3,0.64
2023-06-03,Coastal,40.57462616046314,-73.91426805952148,Studio,439474.75,5.25,56,31,0.59
2024-04-04,Industrial,40.79888758379116,-74.18211211639398,Studio,199999.46,7.95,54,78,0.49
2024-11-18,Coastal,40.60290854434812,-73.96407420798663,Villa,1138277.7,5.17,9,97,0.45
2023-05-19,Coastal,40.58747726937502,-73.93208948925167,Apartment,536876.09,4.83,13,12,0.5
2024-11-10,Tech Park,40.66157857297142,-74.04079915352278,Villa,1341262.81,6.49,86,47,0.52
2024-12-07,Coastal,40.58007707391788,-73.96807824330325,Commercial,2132412.38,4.12,13,58,0.48
2024-07-23,Suburbs,40.73595489102103,-74.103952965672,Studio,255669.32,4.92,9,37,0.49
2024-11-20,Tech Park,40.67224201238442,-74.05605770487598,Apartment,680765.99,6.42,75,17,0.49
2024-11-15,Suburbs,40.77652933564277,-74.0622077999072,Commercial,1911255.84,5.71,34,53,0.52
2024-07-06,Industrial,40.82312013338902,-74.20925170944133,Apartment,440590.26,8.52,64,24,0.27
2023-12-14,Downtown,40.741958420482376,-73.98795784962513,Villa,1672303.53,3.97,93,52,0.59
2024-07-07,Suburbs,40.781695324681195,-74.13680532769591,Commercial,2039069.89,5.72,72,18,0.35
2024-10-13,Tech Park,40.659844789289295,-74.06990169935776,Apartment,596420.74,4.98,44,92,0.6
2023-08-09,Coastal,40.565996479747625,-73.98726628796608,Studio,429691.47,4.75,54,42,0.62
2024-10-30,Tech Park,40.64177612080615,-74.03017295440897,Studio,351214.7,6.68,18,87,0.5
2023-11-04,Industrial,40.798176165060525,-74.22180470160372,Commercial,1577240.25,7.26,80,41,0.65
2024-08-30,Coastal,40.589853302870424,-73.99603950851096,Villa,1449843.94,4.82,5,77,0.42
2024-01-22,Coastal,40.59212776835934,-74.00409579595718,Studio,386313.96,5.02,79,62,0.49
2023-08-22,Coastal,40.611941451220225,-73.97272899877322,Apartment,549656.89,5.28,14,8,0.39
2024-01-18,Suburbs,40.734174776973866,-74.11498831973914,Commercial,1860797.9,5.86,56,15,0.49
2024-10-17,Downtown,40.72176072392097,-74.01388562100134,Studio,488329.75,4.45,40,54,0.46
2023-11-07,Coastal,40.56822623739245,-73.94160232547877,Apartment,656549.25,5.47,22,97,0.62
2024-04-14,Suburbs,40.757380328756504,-74.09751428610298,Apartment,456469.41,5.45,15,36,0.59
2024-11-04,Tech Park,40.66553873405863,-74.05810185831474,Studio,385224.97,5.35,65,3,0.48
2024-04-08,Industrial,40.842595942861664,-74.17879321827866,Villa,1080061.95,7.76,6,29,0.47
2023-02-08,Tech Park,40.63308823586857,-74.02731504858252,Apartment,590871.57,5.84,21,82,0.39
2023-06-28,Coastal,40.62382181366293,-73.95293707042511,Studio,344774.8,4.87,6,71,0.46
2023-05-29,Downtown,40.71344792427367,-74.05311052605305,Studio,479253.45,3.42,37,57,0.33
2023-11-20,Suburbs,40.73338975403445,-74.10804162950248,Apartment,497177.99,5.46,24,20,0.6
2023-02-21,Coastal,40.6118407365164,-73.98409405254309,Commercial,2855248.42,4.31,44,15,0.34
2023-10-04,Tech Park,40.655086312531076,-74.06403500884261,Commercial,2803558.19,5.47,15,63,0.4
2023-02-12,Downtown,40.69538741937812,-73.98976588856773,Commercial,3099575.53,3.99,5,75,0.42
2023-09-12,Downtown,40.71131077186448,-73.99396525787223,Villa,1641392.07,3.52,69,9,0.49
2024-04-23,Coastal,40.596496725284425,-73.96333225165962,Apartment,629404.34,4.82,34,69,0.53
2023-11-27,Coastal,40.61639479434516,-73.95390945287173,Apartment,638103.42,4.7,65,3,0.5
2024-05-06,Suburbs,40.747922462060565,-74.10064094988327,Apartment,451508.61,6.42,56,74,0.42
2024-10-02,Industrial,40.77077736722919,-74.22231687093952,Villa,936029.36,6.74,72,12,0.51
2024-10-19,Tech Park,40.682382781425005,-74.04531559747875,Studio,361428.67,6.26,89,60,0.55
2023-04-21,Suburbs,40.76952862754396,-74.12264298281431,Villa,904931.11,5.12,67,83,0.72
2023-04-11,Suburbs,40.731847729335335,-74.10564251553868,Studio,303228.98,5.64,98,37,0.33
2024-01-30,Downtown,40.694593513161436,-73.9920966950334,Studio,385914.49,3.82,78,98,0.42
2023-04-19,Industrial,40.757862217707476,-74.20938259318649,Villa,921214.9,5.62,59,53,0.35
2024-04-11,Industrial,40.798149002958205,-74.19940020809045,Studio,241632.52,5.93,55,66,0.76
2023-01-20,Downtown,40.712637951719834,-74.02903995095159,Apartment,758181.22,3.81,15,17,0.55
2023-04-11,Suburbs,40.71556634850146,-74.08403227055797,Commercial,1745952.35,4.78,40,97,0.74
2023-08-21,Coastal,40.60874253559462,-73.97242338640764,Villa,1195892.43,5.63,97,86,0.56
2023-12-01,Industrial,40.833866512714806,-74.1993864964786,Villa,974535.11,6.8,98,60,0.58
2023-06-14,Coastal,40.610467348153556,-73.91133280504572,Studio,400013.28,4.01,21,2,0.5
2024-06-07,Industrial,40.81981916374071,-74.20604062045565,Commercial,1384011.9,6.68,24,60,0.39
2023-03-12,Suburbs,40.74503731193477,-74.10601651912064,Villa,904250.33,5.1,8,13,0.48
2023-10-29,Tech Park,40.63403785323259,-74.0599832419177,Villa,1551219.09,5.47,76,64,0.64
2024-05-16,Tech Park,40.66228636680324,-74.07488972899777,Apartment,626989.63,5.75,63,25,0.55
2023-08-23,Tech Park,40.63768624149257,-74.0347314889103,Villa,1478596.61,4.99,47,85,0.5
2023-05-24,Industrial,40.824207561106846,-74.16306268169075,Villa,990519.6,6.77,14,44,0.44
2024-07-18,Suburbs,40.738540520134634,-74.08019074484649,Apartment,377267.2,4.31,23,35,0.49
2023-06-29,Suburbs,40.74865404243313,-74.09135294571598,Studio,250636.09,4.93,82,1,0.47
2023-08-20,Suburbs,40.78178011517546,-74.10281851847797,Villa,1106727.9,5.49,72,88,0.41
2023-06-04,Downtown,40.69850535630978,-74.01459269957056,Villa,1565800.33,4.52,44,20,0.37
2023-08-28,Tech Park,40.63438813013855,-74.02821975496444,Commercial,2553119.67,5.21,70,88,0.6
2023-11-05,Tech Park,40.62336763767577,-74.02562674681712,Studio,364394.12,6.11,38,62,0.45
2023-09-02,Suburbs,40.803338104446404,-74.09805688425827,Apartment,389521.4,4.96,94,25,0.51
2024-11-19,Downtown,40.68561352386635,-74.01625422323545,Villa,1832104.74,3.53,88,44,0.5
2024-08-28,Tech Park,40.652366222962335,-74.06387081778924,Commercial,2552402.41,5.7,46,46,0.58
2024-05-25,Coastal,40.61049037585044,-73.91262510474917,Apartment,619636.38,4.87,75,59,0.48
2024-08-29,Coastal,40.59446221288462,-73.96343441578516,Commercial,2706775.23,4.31,89,33,0.51
2024-09-11,Industrial,40.81696406342994,-74.17773455374521,Apartment,437566.36,6.56,68,94,0.47
2023-08-19,Suburbs,40.75635056855607,-74.10592376399234,Studio,258793.8,5.04,78,33,0.57
2024-07-13,Coastal,40.59532551884297,-73.95059538989153,Commercial,2572799.6,5.19,12,41,0.58
2024-03-15,Suburbs,40.72332678554643,-74.10630045896569,Villa,1053157.1,5.63,61,96,0.65
2023-10-20,Industrial,40.81319656595462,-74.21113557545686,Apartment,401305.55,6.77,87,14,0.53
2023-08-14,Downtown,40.68551788012363,-74.01663755500579,Villa,1988326.3,4.64,52,40,0.52
2024-11-30,Downtown,40.70451366210697,-74.01377032044712,Apartment,605515.88,4.31,86,5,0.46
2024-04-08,Tech Park,40.659215944872315,-74.08044668636563,Villa,1165095.89,6.46,68,98,0.6
2024-06-10,Suburbs,40.75797984315003,-74.07719012035383,Commercial,1685368.28,6.27,53,25,0.63
2024-05-10,Downtown,40.73248082905809,-73.97141420648552,Villa,2061524.46,3.13,68,93,0.35
2024-09-03,Tech Park,40.68118097157274,-74.0178876033487,Studio,285093.34,6.53,28,45,0.63
2024-08-08,Coastal,40.6153967364367,-73.93538681194505,Commercial,2194253.98,5.69,95,78,0.55
2024-11-21,Tech Park,40.66784684883119,-74.08023574291937,Studio,379258.94,5.81,16,63,0.29
2024-04-24,Industrial,40.82007750884565,-74.24029786809882,Apartment,433271.33,7.31,70,17,0.26
2024-09-05,Downtown,40.72851717775488,-73.95178411401919,Studio,447131.46,3.72,97,1,0.48
2024-06-01,Tech Park,40.65295461006529,-74.05447740268987,Apartment,504423.3,6.45,10,51,0.47
2023-02-26,Industrial,40.803993319195456,-74.19649509611935,Villa,774564.1,6.31,7,71,0.52
2024-06-14,Suburbs,40.73085263927661,-74.11635678395322,Apartment,450806.87,5.27,50,80,0.67
2023-09-21,Industrial,40.813025391359545,-74.20929852348831,Apartment,384885.8,6.67,26,85,0.5
2023-05-18,Industrial,40.800461613179,-74.18750192810693,Studio,226507.06,7.04,78,40,0.56
2023-02-15,Suburbs,40.75198627629903,-74.09748725522655,Commercial,1847304.63,5.85,88,64,0.51
2024-12-06,Industrial,40.78476535913037,-74.18878639253036,Villa,911858.94,7.0,9,63,0.53
2024-10-25,Tech Park,40.65951503983663,-74.0438940042162,Commercial,2220106.93,6.12,79,97,0.68
2024-01-05,Downtown,40.73327273736978,-73.98888920101494,Commercial,2766740.06,4.46,5,77,0.53
2024-10-19,Coastal,40.60811610910557,-73.97377070907922,Apartment,779273.3,5.95,85,89,0.49
2023-05-30,Industrial,40.79032682725125,-74.2049344884823,Studio,243113.96,8.09,95,99,0.48
2023-09-04,Suburbs,40.745161071997096,-74.1057998629389,Villa,776010.81,6.88,67,65,0.67
2024-02-07,Coastal,40.648529273492144,-73.96149180061376,Commercial,2578707.46,5.5,39,45,0.56
2023-01-17,Suburbs,40.78239830574653,-74.09720696651567,Studio,271755.67,5.58,52,10,0.67
2023-08-30,Industrial,40.83960150466888,-74.187152688159,Studio,296817.94,6.74,60,74,0.67
2023-08-17,Coastal,40.60170568137467,-73.94452173742042,Apartment,475245.86,5.23,42,34,0.55
2024-09-28,Suburbs,40.75974069270324,-74.07798708125728,Villa,1009189.49,4.93,37,34,0.52
2023-04-03,Coastal,40.61453588092804,-73.97245485544563,Villa,1456238.94,4.87,65,53,0.53
2024-06-23,Industrial,40.81376410612906,-74.20887213660416,Villa,941942.12,6.75,3,37,0.57
2024-02-19,Tech Park,40.63741924277593,-74.05021831362147,Apartment,595420.15,6.2,34,9,0.43
2023-03-30,Coastal,40.585438058869954,-73.97102380585933,Studio,418047.58,5.91,95,15,0.71
2024-08-01,Coastal,40.575803756058846,-73.97286679486169,Villa,1509538.46,4.9,54,69,0.57
2024-09-15,Suburbs,40.74350210370719,-74.10133123097089,Villa,1174390.89,5.54,40,54,0.59
2024-01-31,Industrial,40.84852385629366,-74.18190075917012,Commercial,1563870.92,6.88,3,84,0.67
2024-01-15,Industrial,40.790826157329256,-74.1921102187618,Commercial,1426038.29,7.87,13,86,0.61
2024-09-28,Tech Park,40.67094552817119,-74.05612715419556,Villa,1216967.03,6.15,91,60,0.33
2024-03-06,Industrial,40.81296612085402,-74.19253133654479,Villa,849855.21,6.46,83,27,0.45
2024-04-07,Tech Park,40.65677987027619,-74.01041427188997,Studio,362635.15,5.37,64,14,0.4
2024-01-18,Suburbs,40.75447853747893,-74.13893050572717,Studio,309574.37,5.06,4,48,0.46
2023-11-14,Tech Park,40.65072999863652,-74.02382443122471,Apartment,603229.85,6.73,56,42,0.66
2024-04-08,Industrial,40.84938814828017,-74.22193545886911,Commercial,1780622.65,8.02,70,67,0.5
2024-12-02,Coastal,40.56524390768307,-73.96025094159313,Studio,382693.08,4.98,22,17,0.66
2024-08-30,Coastal,40.58308667414568,-73.9756695214127,Commercial,2832460.15,5.06,24,53,0.65
2023-04-01,Coastal,40.59926939300636,-73.97568432485859,Villa,1444539.16,5.15,3,91,0.5
2024-02-21,Downtown,40.68949350336275,-74.03621855459747,Commercial,2662355.99,4.04,5,93,0.52
2024-07-21,Suburbs,40.7511642545417,-74.12079614668953,Apartment,508516.46,5.46,3,90,0.6
2023-02-26,Coastal,40.618840383140835,-73.94483148458424,Apartment,551775.98,4.16,75,90,0.56
2024-12-23,Suburbs,40.73933911129227,-74.10632165922246,Apartment,464145.24,4.78,60,83,0.47
2023-04-16,Suburbs,40.77777329040205,-74.09715244174978,Studio,325330.24,5.02,42,77,0.5
2023-07-29,Industrial,40.83062965795043,-74.21544384775609,Apartment,466624.13,7.47,65,71,0.33
2023-08-01,Suburbs,40.760978987532226,-74.07916412209369,Apartment,523722.94,5.83,57,91,0.36
2024-10-24,Coastal,40.61756870152332,-73.9715233171154,Studio,394482.1,4.4,3,28,0.46
2023-11-05,Downtown,40.70710190466757,-74.01734523429315,Commercial,2631376.42,4.01,57,20,0.45
2023-01-16,Tech Park,40.65587898775886,-74.04443014753124,Villa,1552478.38,7.06,5,56,0.78
2024-02-18,Suburbs,40.71438748654185,-74.06994531347388,Apartment,417167.8,6.02,28,58,0.49
2024-07-19,Industrial,40.79657609182592,-74.18810947746064,Apartment,363214.92,7.36,84,48,0.34
2023-01-13,Industrial,40.7876644927696,-74.22695991568735,Commercial,1801533.0,8.43,53,14,0.45
2023-09-23,Coastal,40.561990205879646,-73.9621157305241,Apartment,636642.43,4.73,33,31,0.59
2023-05-12,Suburbs,40.74809317817606,-74.06539356370286,Apartment,451195.74,5.99,23,16,0.69
2023-10-28,Downtown,40.705734717291236,-74.01320553693753,Villa,1912055.64,3.86,10,73,0.44
2024-01-02,Tech Park,40.641334383838014,-74.04443073094116,Apartment,736229.67,6.03,20,88,0.42
2024-01-21,Industrial,40.810596757921296,-74.21032233283744,Commercial,1939929.0,8.21,12,81,0.51
2024-11-13,Tech Park,40.63687064727348,-74.04737889600545,Apartment,574068.85,5.52,81,81,0.43
2024-03-21,Tech Park,40.634606884476604,-74.04523069719352,Studio,424255.77,6.59,64,91,0.34
2024-07-09,Tech Park,40.63869107736185,-74.09353901944587,Studio,343348.29,5.36,34,87,0.43
2023-10-31,Downtown,40.69850925878044,-73.96546520643031,Commercial,2732117.41,4.38,82,60,0.43
2023-02-16,Tech Park,40.662197600943806,-74.05079852926747,Apartment,683419.99,6.79,93,97,0.5
2023-07-31,Tech Park,40.63038423983173,-74.04307961947693,Studio,369342.55,5.09,94,62,0.55
2024-04-18,Coastal,40.62308272473056,-73.98051235856597,Studio,441237.5,4.99,1,11,0.46
2023-05-26,Industrial,40.790366099025185,-74.23065367941848,Commercial,1419425.49,6.49,6,67,0.41
2023-01-27,Downtown,40.69856281390989,-74.00860211067693,Villa,2077890.9,3.9,74,66,0.54
2023-10-13,Downtown,40.70101218810299,-74.02181828119993,Villa,1885352.94,4.59,34,61,0.51
2024-07-16,Downtown,40.72567550761876,-73.9947611876698,Studio,479814.12,3.67,45,88,0.38
2024-09-24,Coastal,40.5562391399118,-73.94207266087065,Studio,396620.16,4.88,47,48,0.37
2023-06-12,Downtown,40.69932157244674,-73.9773233102168,Commercial,3298289.65,4.1,68,45,0.39
2023-09-16,Tech Park,40.67069619686776,-74.0679531877055,Villa,1348201.81,5.97,50,35,0.47
2023-07-13,Downtown,40.69956400309438,-74.0005326629443,Apartment,839196.98,3.88,29,7,0.53
2024-06-05,Downtown,40.67349696505639,-74.01588611202573,Commercial,2800011.42,5.09,53,39,0.58
2023-03-14,Suburbs,40.747070145708435,-74.094503343854,Villa,1042982.08,6.0,88,86,0.66
2024-08-17,Tech Park,40.61423667837109,-74.03965618939233,Apartment,759917.27,5.43,2,47,0.69
2024-07-15,Industrial,40.80026360521773,-74.21537436521037,Commercial,1529185.71,7.01,14,20,0.26
2024-03-06,Coastal,40.57960125323792,-73.94376312735936,Villa,1441105.88,4.64,51,40,0.56
2024-05-09,Industrial,40.804392831732336,-74.16656074079853,Apartment,401210.97,6.0,11,27,0.4
2024-07-26,Industrial,40.790319657527554,-74.24101599711989,Villa,894498.14,7.23,58,13,0.47
2024-07-01,Suburbs,40.72000264721475,-74.10012097037277,Commercial,1895900.98,5.06,14,29,0.65
2023-03-01,Tech Park,40.65203170716346,-74.0612158893848,Studio,340989.8,6.25,64,62,0.44
2023-08-03,Tech Park,40.66236721132519,-74.02088799041485,Commercial,2128462.65,6.53,42,64,0.43
2024-09-25,Tech Park,40.669891164714834,-74.07679572056885,Studio,404870.81,6.16,83,74,0.5
2023-07-20,Downtown,40.716719744841136,-74.01803963204935,Commercial,3173158.0,3.51,6,53,0.43
2023-11-23,Downtown,40.73636838635127,-73.99471624364803,Commercial,2706140.37,3.32,81,37,0.51
2023-12-14,Industrial,40.798384361165425,-74.21084393643699,Villa,937979.93,7.1,27,72,0.46
2024-06-27,Downtown,40.712835897457566,-73.99656796067985,Apartment,859986.97,4.74,60,1,0.49
2024-11-06,Industrial,40.77889227557316,-74.16401871531953,Apartment,374750.35,7.42,4,78,0.44
2024-12-08,Coastal,40.5647118855847,-73.93540361275466,Villa,1777139.66,4.5,14,82,0.51
2023-03-12,Coastal,40.61356573741414,-73.957418470223,Studio,390059.52,4.79,79,96,0.57
2023-02-25,Coastal,40.60839388782644,-73.98779937597826,Commercial,2960711.61,5.41,32,80,0.41
2024-09-09,Coastal,40.59138321482318,-73.92287746800808,Apartment,718104.48,5.33,81,55,0.51
2024-02-26,Downtown,40.764937183262994,-73.98453958010393,Apartment,766395.86,4.05,70,33,0.42
2024-07-02,Downtown,40.729532714958026,-73.97941523501194,Studio,418333.61,4.26,57,83,0.38
2023-07-13,Industrial,40.80591981453299,-74.17159240303944,Villa,881055.79,8.15,86,69,0.31
2023-03-04,Coastal,40.614422390417516,-73.94360891797561,Studio,430890.91,4.51,78,56,0.56
2024-06-23,Industrial,40.8170669795468,-74.19413897818157,Apartment,378481.0,6.29,57,32,0.46
2024-11-08,Coastal,40.61283894258887,-73.95540535208728,Studio,351004.08,6.1,98,78,0.47
2023-07-24,Coastal,40.59276552327813,-73.95548705103326,Apartment,687213.36,5.01,57,58,0.46
2024-09-14,Coastal,40.597648030946836,-73.96745966522701,Apartment,607707.32,4.84,30,89,0.58
2023-10-07,Tech Park,40.65741660418672,-74.07064795299266,Studio,381861.78,5.36,34,28,0.48
2024-02-14,Suburbs,40.76179006099755,-74.15677680661565,Commercial,1545071.61,5.15,92,84,0.62
2023-03-07,Tech Park,40.63123954186189,-74.03659755282223,Studio,385619.91,7.69,66,61,0.46
2023-02-28,Tech Park,40.66565430271011,-74.08766724189262,Villa,1444103.01,6.03,71,20,0.27
2023-12-14,Coastal,40.58727326680779,-73.92658676741365,Villa,1301784.94,4.05,47,64,0.56
2024-01-02,Downtown,40.72479502276985,-74.00376539629497,Apartment,784086.66,3.69,57,61,0.44
2023-03-24,Industrial,40.774731936749085,-74.1917919347015,Studio,235898.87,7.54,46,59,0.66
2023-09-03,Suburbs,40.74324244449053,-74.09995536755675,Studio,260033.56,5.37,94,10,0.43
2024-02-10,Downtown,40.72215380207718,-73.99423830800511,Studio,376350.86,3.5,69,97,0.63
2023-07-08,Industrial,40.781875693359055,-74.19716040172253,Apartment,384626.99,6.65,90,95,0.56
2023-10-03,Tech Park,40.67691870015676,-74.03180433309798,Studio,356772.1,5.77,54,34,0.41
2023-07-02,Coastal,40.57747144622235,-73.96707354816576,Apartment,750998.81,5.42,45,13,0.55
2023-05-27,Industrial,40.793205702967136,-74.18048353325423,Apartment,400354.31,7.36,14,4,0.62
2023-09-20,Coastal,40.582789068549026,-73.96307354107496,Commercial,2702620.43,4.88,80,25,0.63
2024-04-09,Downtown,40.69471243639695,-73.97616435673152,Studio,428279.25,3.78,73,27,0.45
2024-05-11,Industrial,40.82677555940842,-74.2352052500116,Apartment,409643.28,5.79,23,98,0.24
2023-04-15,Industrial,40.79371356177559,-74.21457458785308,Commercial,1464558.1,6.35,81,45,0.45
2023-08-29,Coastal,40.57258205283,-73.93614655931495,Villa,1608769.13,5.09,21,40,0.61
2023-08-18,Coastal,40.6275365472393,-73.92581538705552,Apartment,648421.38,5.31,41,4,0.37
2024-03-15,Downtown,40.7193398902654,-74.02270249007944,Commercial,2854755.86,4.02,54,8,0.48
2023-10-22,Tech Park,40.66429463455035,-74.05138846173826,Commercial,2691177.56,5.51,88,72,0.16
2024-06-30,Industrial,40.77117195625249,-74.2088271758303,Apartment,394763.77,6.24,93,82,0.26
2023-03-20,Coastal,40.588694825215796,-73.94909181747241,Apartment,642108.84,5.52,25,66,0.48
2023-04-04,Coastal,40.59723234842779,-73.98093639330645,Commercial,2634199.13,5.56,71,75,0.64
2023-05-15,Coastal,40.615706912060205,-73.92964569900553,Villa,1193458.62,4.96,51,47,0.73
2024-06-08,Industrial,40.79923800834652,-74.2048061813629,Villa,961672.26,6.71,8,48,0.67
2024-09-18,Tech Park,40.64467593196035,-74.06437374088297,Villa,1531051.09,5.22,51,69,0.51
2023-08-19,Industrial,40.812269438733836,-74.21253584499121,Commercial,1612647.65,6.8,23,49,0.42
2023-06-10,Suburbs,40.74310369738665,-74.0995601201439,Apartment,536091.53,5.65,3,93,0.44
2023-01-02,Tech Park,40.656665874332255,-74.03127207430077,Apartment,660280.34,6.97,65,20,0.29
2024-03-19,Coastal,40.603080636833674,-73.963433683417,Apartment,783597.19,4.88,65,25,0.43
2023-04-17,Coastal,40.572511002161214,-73.96640457031945,Studio,393045.95,5.89,9,84,0.46
2024-01-21,Downtown,40.71784698387362,-73.99279158128117,Commercial,2955791.96,4.02,75,81,0.76
2023-02-14,Industrial,40.80285321230312,-74.23857324838512,Apartment,393787.94,6.65,94,92,0.63
2024-02-09,Suburbs,40.760592858010035,-74.0535346603109,Apartment,433302.45,5.71,58,79,0.63
2023-08-05,Downtown,40.72875662389059,-73.98225519951784,Studio,410001.31,3.94,30,78,0.51
2024-03-25,Coastal,40.57683032876294,-73.92719498894658,Apartment,573284.94,4.79,7,15,0.49
2024-03-29,Coastal,40.59594954005062,-73.94650937183312,Villa,1697126.21,4.53,82,51,0.53
2024-05-11,Suburbs,40.74638333231202,-74.13368152509257,Apartment,419075.89,5.26,40,24,0.38
2023-02-02,Suburbs,40.73380371805447,-74.09788917757406,Commercial,2040838.63,5.31,78,78,0.64
2024-02-20,Industrial,40.79245738792444,-74.20988403098326,Apartment,340720.46,7.76,94,60,0.5
2023-04-21,Suburbs,40.72288588079526,-74.12382429233365,Studio,251407.31,5.93,6,76,0.59
2023-06-13,Suburbs,40.74227994848701,-74.12217632642573,Studio,275490.55,7.26,65,55,0.42
2023-04-12,Industrial,40.78493592436818,-74.20227184323404,Villa,882413.89,6.83,68,7,0.45
2024-09-11,Industrial,40.82242376285139,-74.22616377859642,Commercial,1636261.83,8.23,66,29,0.62
2024-10-18,Industrial,40.81114817113702,-74.18735567371937,Commercial,1437966.72,7.6,43,21,0.46
2024-08-06,Industrial,40.78378468075962,-74.15804609621989,Studio,254335.28,8.54,24,96,0.51
2023-08-29,Downtown,40.714544222137725,-73.99846924041506,Villa,2016750.67,3.84,86,43,0.39
2024-07-10,Industrial,40.80686317108395,-74.21836897645161,Villa,901094.13,6.25,36,91,0.46
2023-07-21,Coastal,40.59681348728233,-73.98548462582671,Villa,1457282.42,4.53,93,59,0.47
2024-06-21,Tech Park,40.654965195929805,-74.06397953882498,Commercial,2751738.79,6.16,59,96,0.47
2024-04-17,Suburbs,40.74050228248234,-74.1139925159743,Studio,287155.3,5.3,10,94,0.4
2023-07-10,Tech Park,40.63148623962605,-74.07397052147682,Apartment,617670.96,5.77,72,39,0.5
2024-11-03,Coastal,40.57807600952865,-73.98780212945307,Studio,394482.73,5.71,50,47,0.55
2024-01-09,Coastal,40.61789217397727,-73.93249012726095,Studio,386818.97,5.29,19,97,0.5
2023-03-10,Coastal,40.58952664799881,-73.98040839309716,Villa,1426055.26,5.12,8,42,0.51
2023-09-11,Suburbs,40.77691059707104,-74.11064287780346,Commercial,1730057.72,5.56,45,22,0.37
2024-07-22,Coastal,40.587223322604814,-73.93700128899144,Apartment,716757.98,4.68,88,85,0.58
2023-03-14,Downtown,40.65393716869057,-74.04426664500298,Commercial,3185969.54,3.96,56,9,0.72
2023-01-28,Industrial,40.79251550749915,-74.19020606450815,Studio,245175.56,7.14,62,12,0.57
2023-06-29,Tech Park,40.658094876074905,-74.02766731728647,Apartment,614016.42,5.15,17,18,0.69
2024-10-13,Downtown,40.737345956135854,-73.99892292298443,Commercial,2666377.55,3.53,63,21,0.46
2024-08-21,Tech Park,40.664763879185166,-74.03371898405334,Commercial,1871093.16,5.64,27,46,0.52
2024-11-20,Suburbs,40.75100545782631,-74.10689592245988,Studio,270912.95,5.89,41,9,0.76
2024-03-25,Tech Park,40.67979154917695,-74.04699728692087,Villa,1542597.37,5.71,8,21,0.58
2023-06-10,Coastal,40.60297561269615,-73.9534251260965,Studio,389426.94,5.13,17,52,0.3
2024-04-22,Downtown,40.719447536670394,-74.02775686063583,Villa,1672582.83,4.81,58,57,0.64
2023-10-13,Downtown,40.72137522517762,-73.99059072808626,Studio,432519.94,4.06,72,45,0.38
2024-07-12,Suburbs,40.72651552445084,-74.09023604446217,Villa,1070584.97,5.56,63,19,0.61
2023-04-02,Coastal,40.603037171915034,-73.93610907265906,Studio,338462.96,4.76,64,18,0.45
2023-09-28,Suburbs,40.72869687971809,-74.08380684939704,Commercial,1841528.11,6.05,86,64,0.55
2024-04-07,Industrial,40.85307449750732,-74.17621163431073,Apartment,443153.51,6.19,92,54,0.58
2024-12-12,Coastal,40.61650367449107,-73.93149436214567,Apartment,660962.34,5.22,74,7,0.52
2024-12-19,Industrial,40.812506366680424,-74.20338548876666,Villa,1050953.43,6.35,90,10,0.51
2023-07-21,Tech Park,40.685139418712744,-74.01300217228605,Studio,326012.43,5.91,71,73,0.43
2023-07-18,Coastal,40.59352369839639,-73.94654187554092,Commercial,2495784.46,5.79,63,84,0.56
2024-09-16,Downtown,40.71460334766527,-74.01081343115001,Apartment,686347.78,3.75,60,2,0.57
2023-09-02,Suburbs,40.76289043932488,-74.11140938035976,Apartment,423403.17,5.72,4,90,0.48
2024-05-02,Tech Park,40.64809434989399,-74.05990957661878,Villa,1576706.5,4.95,50,89,0.55
2023-03-23,Suburbs,40.73566534512356,-74.1251260486699,Villa,1008661.56,5.35,20,74,0.57
2024-09-30,Tech Park,40.64085651705714,-74.06500820255509,Apartment,470278.06,5.16,5,98,0.64
2024-03-16,Industrial,40.80708149002027,-74.20841321187898,Commercial,1840347.33,6.93,52,17,0.45
2023-07-17,Industrial,40.79150146328886,-74.195428727866,Studio,225245.25,6.73,21,86,0.54
2024-10-30,Suburbs,40.77277436135712,-74.058132085499,Studio,281261.57,4.96,53,19,0.63
2024-11-19,Tech Park,40.630578759417844,-74.01737769805088,Commercial,2224079.3,6.47,37,70,0.37
2023-07-23,Suburbs,40.781257114512854,-74.10049128414019,Commercial,1988676.71,5.04,77,44,0.59
2024-05-20,Coastal,40.60009821117127,-73.92194753602386,Villa,1380058.67,5.17,74,22,0.48
2024-11-10,Tech Park,40.63731450566365,-74.02742305024901,Commercial,2149382.46,6.35,62,54,0.62
2023-06-09,Downtown,40.69875500915274,-74.02778619856498,Studio,529578.11,4.05,98,31,0.56
2023-07-13,Industrial,40.789730816772874,-74.21723186791773,Studio,270391.93,7.5,35,35,0.55
2023-04-27,Coastal,40.61683214407517,-73.97044195575013,Studio,405691.92,5.46,4,18,0.62
2024-03-27,Coastal,40.60121570745003,-73.9114742829029,Apartment,549012.94,5.07,21,15,0.37
2024-12-25,Downtown,40.69795343974247,-73.98714122760205,Commercial,3054376.18,4.47,1,96,0.49
2023-08-02,Suburbs,40.80413236586664,-74.07544589234148,Studio,280558.74,5.05,2,47,0.5
2023-04-23,Downtown,40.699326862567936,-74.04136978655777,Villa,1724183.87,4.1,64,22,0.47
2023-01-17,Suburbs,40.72976248042948,-74.10209039686887,Villa,836374.54,5.74,58,18,0.63
2023-03-24,Industrial,40.836101787009156,-74.18275441175894,Apartment,435175.04,6.35,4,18,0.51
2023-05-28,Tech Park,40.607593225175385,-74.02503247271603,Studio,412755.28,6.32,68,97,0.46
2023-11-09,Industrial,40.82096233518538,-74.20815454034538,Commercial,1550204.66,8.81,87,52,0.54
2023-10-24,Industrial,40.76173381258144,-74.20100297141613,Studio,254089.41,7.14,61,75,0.47
2024-04-10,Industrial,40.774459007308074,-74.19562563467717,Commercial,1573309.64,8.72,14,15,0.49
2023-11-29,Suburbs,40.71626484469101,-74.08172119061354,Studio,284743.98,5.24,97,99,0.38
2023-09-15,Coastal,40.58914264810495,-73.94123056486008,Apartment,645192.35,5.53,36,32,0.53
2024-04-03,Tech Park,40.68030827630696,-74.02707025682534,Commercial,2127206.19,5.24,67,11,0.55
2023-08-16,Downtown,40.700478575693275,-74.01230857603949,Villa,1592395.24,4.1,20,66,0.3
2024-11-25,Coastal,40.60493812126833,-73.97250395655476,Studio,372710.59,4.38,22,43,0.58
2023-11-04,Suburbs,40.7265159540856,-74.08587258605498,Studio,267738.9,6.77,70,9,0.36
2023-04-05,Tech Park,40.643502841470024,-74.0328073842629,Studio,303484.65,6.27,70,5,0.52
2024-01-06,Industrial,40.790808637764975,-74.17697040811592,Commercial,1652898.8,7.69,83,57,0.5
2023-07-10,Industrial,40.8078264034387,-74.13896577360163,Commercial,1419690.34,7.1,87,67,0.48
2024-10-22,Suburbs,40.74378948488715,-74.11507190976721,Commercial,1378345.77,4.73,10,13,0.51
2023-04-23,Suburbs,40.752861145770986,-74.10775418799885,Studio,266734.03,6.17,97,70,0.49
2023-08-08,Downtown,40.75030340174253,-73.9890340364139,Villa,1916685.48,3.42,84,91,0.56
2023-07-08,Coastal,40.59358345606659,-73.93968211016761,Studio,387650.2,5.34,37,65,0.44
2024-01-17,Downtown,40.722715685506,-73.98384557808035,Studio,475497.1,3.38,34,24,0.45
2023-05-05,Downtown,40.706609802281456,-74.00215991526062,Villa,1825304.75,3.83,25,53,0.51
2024-03-03,Coastal,40.5580085671484,-73.99102519410161,Commercial,2794570.17,4.97,15,20,0.55
2024-10-31,Suburbs,40.71861220809251,-74.11273764777877,Apartment,401859.94,4.65,9,87,0.37
2023-04-14,Coastal,40.549194730914955,-73.98475844891932,Apartment,786632.91,4.95,67,15,0.47
2023-03-10,Coastal,40.602000374750276,-73.93965118684548,Villa,1598303.3,4.96,99,79,0.68
2023-12-02,Industrial,40.77628275082569,-74.18057175284656,Commercial,1392758.62,8.3,13,24,0.32
2023-04-19,Industrial,40.813180276722775,-74.20292748817899,Apartment,457394.26,6.1,51,21,0.53
2024-01-25,Downtown,40.729143571189326,-74.02834019124461,Apartment,587689.74,3.71,3,42,0.6
2023-03-31,Industrial,40.76742950066728,-74.20707613333029,Studio,269332.07,6.59,70,23,0.48
2023-04-15,Tech Park,40.644330318290834,-74.07054345916704,Studio,372586.39,5.75,43,44,0.54
2024-03-28,Suburbs,40.76257928216081,-74.12698620109482,Commercial,1957364.61,5.59,67,96,0.28
2024-03-17,Downtown,40.71236533014143,-74.00742829956745,Commercial,2559928.22,3.5,76,10,0.55
2023-09-24,Suburbs,40.71531404247727,-74.07470571318805,Villa,994500.86,5.2,78,19,0.55
2023-03-27,Suburbs,40.726359248818866,-74.09469672154506,Commercial,1683180.27,6.18,48,4,0.66
2023-02-16,Tech Park,40.62640944827713,-74.04071322690724,Studio,390018.52,6.42,24,47,0.74
2024-03-05,Tech Park,40.65486299543227,-74.02159630122436,Apartment,635526.83,6.03,89,93,0.51
2023-12-04,Industrial,40.77976437648554,-74.20656130408389,Villa,1033844.8,6.64,27,17,0.49
2024-08-24,Coastal,40.58764376167547,-73.9530093628299,Commercial,2427577.21,4.92,58,45,0.58
2024-03-24,Coastal,40.568619114373845,-73.96651623160487,Commercial,2655563.64,5.61,51,95,0.72
2024-10-10,Coastal,40.56189310352683,-73.94996675871482,Studio,374518.71,5.65,77,38,0.38
2023-02-15,Coastal,40.59797937641982,-73.94384547719783,Villa,1620829.76,5.04,81,39,0.53
2024-08-03,Downtown,40.71023203468165,-73.98435628057672,Villa,1720706.53,3.63,59,55,0.39
2024-08-12,Industrial,40.80619063860608,-74.18596579884046,Apartment,395337.15,7.15,13,16,0.4
2023-07-26,Coastal,40.603205377148356,-73.97135283526666,Studio,351866.49,5.28,51,46,0.57
2023-10-15,Industrial,40.80557623911109,-74.18362967879095,Villa,973624.42,6.61,50,79,0.37
2024-10-24,Tech Park,40.660980638692614,-74.03883920656962,Apartment,486759.78,5.99,7,41,0.47
2024-05-12,Downtown,40.696519257539656,-74.01246537548785,Commercial,2890097.5,4.07,32,8,0.19
2023-02-04,Suburbs,40.76587516286198,-74.09654059788112,Apartment,441775.74,5.04,91,81,0.54
2023-02-28,Suburbs,40.768397398367064,-74.07193714900073,Commercial,1702045.71,5.91,29,4,0.42
2023-01-18,Suburbs,40.76028754273228,-74.12428550209314,Commercial,1776455.78,5.68,10,76,0.52
2023-10-10,Industrial,40.79938298472349,-74.17149749626826,Commercial,1789509.56,6.85,61,54,0.42
2024-03-31,Industrial,40.811780870793555,-74.18665869054544,Studio,202918.65,7.1,94,58,0.52
2024-01-22,Suburbs,40.78044877819513,-74.10838169703973,Commercial,1510630.73,5.71,26,8,0.47
2024-11-05,Industrial,40.82738189165526,-74.21657425963176,Apartment,375632.9,7.5,66,2,0.54
2024-08-17,Coastal,40.61171823514557,-73.92150562339366,Villa,1535874.65,4.09,89,31,0.34
2023-08-03,Tech Park,40.668748578067934,-74.02413399781787,Commercial,2520850.26,5.45,40,39,0.59
2023-08-19,Suburbs,40.75763218856115,-74.07951707253733,Villa,1183619.81,5.13,24,78,0.48
2024-01-13,Coastal,40.58255400355879,-73.9538898296973,Studio,415969.24,5.93,10,33,0.53
2024-09-22,Coastal,40.625426668791704,-73.94769093068754,Studio,401513.77,4.66,68,29,0.36
2024-09-16,Industrial,40.79776932767613,-74.20603620214153,Apartment,410071.58,7.59,63,98,0.53
2023-02-08,Industrial,40.79291710625427,-74.21351579978503,Commercial,1734782.99,8.45,3,71,0.47
2023-03-28,Tech Park,40.64899869283539,-74.06091872000707,Commercial,2583758.98,4.41,14,68,0.59
2023-03-18,Industrial,40.796515589953586,-74.2310972949627,Commercial,1628518.96,6.21,64,89,0.35
2024-06-05,Downtown,40.69802047336271,-74.02862732487147,Studio,489294.16,3.88,67,92,0.61
2024-01-07,Tech Park,40.65324878516888,-74.02397525697417,Studio,413700.26,6.43,13,81,0.34
2023-08-14,Tech Park,40.67980275044199,-74.07391908680111,Studio,369881.13,6.27,84,29,0.35
2023-06-27,Suburbs,40.747166747362556,-74.09395354199303,Apartment,460498.59,6.3,76,30,0.49
2024-10-16,Tech Park,40.638449314719615,-74.0360552390722,Studio,347489.1,5.81,58,46,0.59
2023-10-06,Downtown,40.7309087673491,-74.08119557853354,Commercial,2630742.23,3.34,67,71,0.54
2024-06-11,Downtown,40.697934564652826,-73.9740271666219,Studio,416646.64,4.25,82,62,0.59
2024-12-21,Coastal,40.60397775910712,-73.9257547988443,Studio,365645.44,5.59,51,4,0.57
2023-07-05,Suburbs,40.791470644920814,-74.11866349933129,Commercial,1779755.8,4.47,25,80,0.46
2024-01-04,Tech Park,40.651432367854206,-74.0367753897827,Commercial,2537026.97,5.51,45,14,0.52
2023-03-13,Tech Park,40.681994179875204,-74.04511803112995,Studio,369860.8,5.83,19,93,0.61
2024-05-06,Suburbs,40.74374252077591,-74.11557609457206,Commercial,1844800.91,5.28,58,95,0.42
2024-02-17,Industrial,40.79769260743578,-74.21031961978699,Villa,1000019.81,5.77,35,28,0.57
2023-12-17,Suburbs,40.75887971643121,-74.10561017169249,Apartment,512902.99,6.16,52,14,0.47
2024-08-03,Tech Park,40.689886898994395,-74.05458462005625,Studio,287750.51,5.52,42,30,0.59
2023-04-17,Tech Park,40.672099944036084,-74.05755062297119,Commercial,2284613.63,6.72,27,73,0.4
2024-12-02,Coastal,40.590837260203166,-73.94536867261138,Apartment,666164.5,4.39,39,64,0.44
2023-06-10,Suburbs,40.72858033038792,-74.07931472177134,Commercial,2046693.03,6.55,10,87,0.47
2024-04-08,Industrial,40.76479313063117,-74.18553614047943,Commercial,1577979.54,7.31,62,76,0.42
2023-02-01,Downtown,40.70590300495187,-73.95940765033093,Studio,438388.09,4.51,88,74,0.47
2023-11-09,Industrial,40.785003141545836,-74.22350138161718,Villa,1054101.53,7.01,80,2,0.26
2023-08-11,Tech Park,40.65494542904217,-74.03226841014484,Apartment,646333.8,5.74,21,60,0.62
2024-02-24,Tech Park,40.66065783440454,-74.05137819952782,Studio,354181.44,5.13,59,81,0.32
2024-02-22,Coastal,40.57011472941868,-73.94638257777035,Villa,1658458.57,4.62,21,93,0.48
2023-08-24,Industrial,40.802903954032104,-74.21787856646002,Villa,1074954.37,7.38,76,24,0.33
2024-03-30,Suburbs,40.719489195114626,-74.05057505910177,Villa,1291010.57,5.88,94,98,0.64
2024-10-18,Downtown,40.678639302847195,-73.98483050455762,Studio,463237.54,3.68,57,77,0.67
2023-04-27,Downtown,40.69494011969639,-73.99856647246298,Apartment,704340.26,4.19,61,92,0.78
2024-10-02,Suburbs,40.744968961996314,-74.095103215918,Villa,1217722.22,5.49,63,53,0.39
2023-09-17,Tech Park,40.5969167530858,-74.07596329067066,Apartment,689734.3,6.77,56,77,0.4
2023-09-14,Coastal,40.57637555104783,-73.98349256177221,Studio,421590.08,5.04,45,32,0.4
2024-12-13,Industrial,40.8098146441512,-74.1699453860492,Apartment,384691.36,7.59,47,6,0.5
2024-10-26,Coastal,40.61369792619884,-73.98133918742334,Studio,405876.52,5.63,27,15,0.6
2023-10-31,Industrial,40.794348332337655,-74.20845316057235,Commercial,1620799.72,6.26,26,86,0.38
2023-04-18,Downtown,40.73340769387778,-74.01656210962845,Apartment,770735.67,4.33,30,73,0.62
2023-10-02,Tech Park,40.65898269850908,-74.03172463445185,Commercial,2096498.17,7.32,32,11,0.39
2024-02-28,Industrial,40.798605054652384,-74.214312951283,Commercial,1753187.19,7.5,38,63,0.53
2023-09-21,Tech Park,40.64102183225374,-74.05812220714047,Commercial,3053548.32,6.36,85,31,0.42
2023-03-28,Industrial,40.8214905958046,-74.21566899481802,Commercial,1908654.62,6.6,90,71,0.59
2024-02-06,Suburbs,40.746098767070066,-74.07068868695268,Villa,1133730.17,5.89,71,7,0.6
2024-09-24,Tech Park,40.6580160578283,-74.03142149878715,Studio,368098.23,6.8,15,99,0.35
2023-01-13,Downtown,40.72041511691496,-73.97508652548827,Studio,352741.33,4.19,70,62,0.53
2023-06-10,Downtown,40.71651433378738,-74.00968254017009,Studio,533770.19,4.01,88,23,0.51
2023-05-28,Tech Park,40.67847907691082,-74.02172460703417,Studio,300522.81,5.4,44,25,0.44
2024-12-21,Downtown,40.70360603713998,-73.96781405898747,Studio,403303.28,3.4,77,68,0.5
2023-04-16,Coastal,40.59859652767562,-73.93890601322984,Villa,1297445.05,5.56,99,64,0.48
2024-06-21,Industrial,40.768227662834,-74.1937484684933,Commercial,1703174.61,6.44,39,19,0.67
2023-07-23,Coastal,40.593756975653285,-73.95427302373723,Apartment,566346.26,5.22,48,62,0.56
2024-01-23,Tech Park,40.64049749443111,-74.072577706944,Villa,1606456.75,6.43,49,78,0.46
2024-02-12,Suburbs,40.76247051597652,-74.0638916630716,Commercial,1430899.29,4.94,69,90,0.42
2023-02-21,Suburbs,40.746512405851924,-74.08882609434156,Studio,259074.76,5.22,77,14,0.6
2024-10-11,Industrial,40.79092110212124,-74.18166137531877,Studio,217354.17,7.97,76,91,0.49
2024-08-22,Downtown,40.71139627487565,-74.00163772889918,Studio,388036.73,4.35,66,95,0.42
2023-07-17,Downtown,40.691510689218006,-73.9983656429832,Apartment,745131.55,4.34,73,92,0.4
2023-01-07,Tech Park,40.65159159093113,-74.040707349764,Studio,357464.8,6.23,25,28,0.48
2024-02-03,Industrial,40.79746547316874,-74.20413093468898,Villa,1035010.38,7.04,98,69,0.47
2023-02-17,Downtown,40.71733141927369,-73.990943033376,Apartment,725001.38,3.67,23,45,0.43
2024-03-22,Suburbs,40.74502821082829,-74.08791704865968,Villa,1190402.76,5.82,75,6,0.33
2024-06-25,Coastal,40.64180369649532,-73.93093692756241,Studio,363053.31,4.7,32,39,0.44
2024-07-08,Coastal,40.6344053061771,-73.95709559774701,Studio,375358.96,4.87,40,18,0.59
2024-03-19,Industrial,40.80109673882508,-74.19868216782795,Apartment,466605.7,6.02,35,66,0.54
2024-11-13,Coastal,40.61164006708857,-73.94603116942939,Studio,439876.16,3.98,7,97,0.35
2024-08-22,Downtown,40.703062062850215,-73.98641480511426,Villa,1755062.0,3.83,40,54,0.5
2024-01-17,Suburbs,40.776715633291005,-74.05715753060262,Villa,1140851.71,5.2,92,83,0.49
2023-08-22,Tech Park,40.63514254620713,-74.08422976970729,Commercial,2489131.64,6.37,69,25,0.54
2023-08-11,Coastal,40.607443335247325,-73.93856087356055,Studio,330499.17,4.7,1,14,0.44
2023-12-07,Industrial,40.819293484793725,-74.18457497171498,Villa,915382.73,6.99,47,39,0.5
2024-08-06,Downtown,40.6985955651919,-74.03021559547996,Commercial,3355759.75,3.89,75,6,0.47
2023-03-24,Suburbs,40.7563833850113,-74.10367387932753,Apartment,465165.44,5.83,22,68,0.44
2024-09-26,Downtown,40.70130796283633,-74.01271557235481,Villa,2019856.25,3.72,10,45,0.55
2023-05-11,Suburbs,40.75206763992424,-74.11374094771216,Apartment,479177.95,5.9,70,21,0.59
2023-07-13,Coastal,40.586680980077894,-73.97155354237039,Commercial,2741414.91,5.23,10,33,0.55
2024-03-09,Tech Park,40.67478802266842,-74.08432214425542,Villa,1380897.75,5.87,48,90,0.44
2024-07-20,Coastal,40.59676571367639,-73.9487319297828,Commercial,2660513.97,5.67,85,86,0.28
2024-10-24,Downtown,40.73817427789153,-73.98405429122917,Apartment,785697.44,3.43,49,22,0.55
2024-10-09,Downtown,40.72895612917091,-74.00677981872772,Studio,432841.73,4.12,28,81,0.32
2024-05-29,Industrial,40.82004542071351,-74.21952636314606,Commercial,1744948.29,6.68,47,90,0.21
2024-08-13,Downtown,40.673626697133756,-73.9944340395398,Apartment,679821.94,3.97,56,67,0.44
2024-07-06,Industrial,40.7547793416788,-74.19801211820878,Studio,220191.49,6.56,54,89,0.45
2023-10-29,Tech Park,40.651829281340476,-74.05812655221662,Villa,1668742.54,6.11,36,74,0.42
2023-08-20,Tech Park,40.65783660020345,-74.05323359854428,Commercial,2347187.16,6.67,21,30,0.57
2024-01-01,Downtown,40.6795855100978,-73.98884102800751,Studio,508717.56,4.05,12,81,0.65
2023-11-17,Industrial,40.79019403179478,-74.21183752132687,Villa,1082330.14,7.9,72,22,0.34
2024-06-09,Suburbs,40.72994908735221,-74.07561013954866,Apartment,469800.17,6.15,87,51,0.57
2023-09-17,Industrial,40.78249108288291,-74.23336030287335,Studio,224203.76,6.45,99,74,0.6
2024-05-04,Suburbs,40.76710070136395,-74.09452001475474,Commercial,1294515.5,5.41,76,88,0.44
2023-03-25,Coastal,40.57982789364581,-73.94438095773482,Studio,389295.28,5.39,7,22,0.65
2024-06-18,Tech Park,40.64407674829812,-74.05046161011474,Apartment,653567.41,5.95,82,25,0.49
2023-02-21,Coastal,40.59448103479291,-73.94090994855829,Commercial,2280592.42,4.62,63,98,0.47
2023-07-30,Coastal,40.60851082588552,-73.9686405362729,Apartment,622682.56,6.03,33,32,0.49
2024-11-22,Downtown,40.71703124120558,-73.99743345171662,Villa,1441080.97,4.23,8,90,0.57
2023-05-07,Coastal,40.623581004310786,-73.97881845535764,Apartment,580082.72,5.17,88,97,0.37
2023-12-07,Coastal,40.582251812743976,-73.95253328054696,Studio,368506.47,5.24,95,90,0.47
2024-05-09,Industrial,40.80461728820256,-74.1636884503681,Commercial,1541825.94,7.15,15,6,0.31
2024-10-21,Industrial,40.840834229828296,-74.2060419408205,Studio,278097.61,7.61,43,49,0.39
2023-07-11,Downtown,40.700891428525104,-73.99837656454893,Apartment,866793.3,4.22,69,14,0.58
2023-02-05,Coastal,40.58324132835261,-73.97808312479235,Commercial,2856159.38,4.87,63,76,0.54
2024-10-19,Suburbs,40.75906844167387,-74.08510461738027,Apartment,532504.65,5.73,5,89,0.38
2024-12-27,Downtown,40.729952273573055,-73.96822253224892,Villa,1452430.98,4.16,71,21,0.59
2023-08-30,Industrial,40.79445657780035,-74.20086559175776,Villa,1023749.08,6.64,4,23,0.54
2023-08-17,Downtown,40.6915582166576,-74.00592990336663,Commercial,2933945.37,3.54,36,79,0.26
2023-01-20,Industrial,40.78853938147575,-74.18179496636935,Studio,235772.78,5.93,3,93,0.55
2023-01-01,Coastal,40.5869372522014,-73.97037610395182,Commercial,2388181.73,5.57,87,25,0.42
2024-07-06,Coastal,40.60807606261659,-73.95670198023382,Commercial,2018434.19,5.52,15,54,0.46
2023-05-10,Suburbs,40.74522788936571,-74.13063741040371,Studio,230204.56,5.26,30,55,0.5
2024-12-24,Suburbs,40.76183435453564,-74.08861251686352,Villa,987364.82,5.29,55,20,0.66
2023-07-23,Industrial,40.804934609021736,-74.21943119994552,Studio,266894.19,7.86,16,55,0.6
2024-10-31,Coastal,40.591930041341115,-73.93355915992143,Apartment,653809.58,4.39,11,78,0.53
2024-11-14,Downtown,40.7310302105373,-74.02818911110893,Commercial,3513813.42,3.71,69,41,0.39
2023-03-26,Tech Park,40.64719448828899,-74.05671031664066,Apartment,675116.85,6.55,79,84,0.56
2024-06-20,Suburbs,40.74792160977042,-74.09552319654433,Apartment,411919.49,6.01,72,60,0.54
2023-01-26,Downtown,40.692510784703614,-74.00466468920537,Villa,1999482.94,4.74,11,27,0.64
2024-10-29,Tech Park,40.65866568266878,-74.01541065896541,Villa,1311898.33,6.43,69,15,0.59
2024-08-06,Downtown,40.705945338022545,-73.94513341009001,Commercial,2624923.98,4.01,75,45,0.52
2023-06-29,Suburbs,40.73221281774352,-74.09671968086718,Villa,1108654.44,5.11,8,14,0.42
2024-08-06,Coastal,40.601198195481594,-73.94752490714951,Commercial,2267823.93,5.79,26,18,0.44
2023-01-03,Industrial,40.83603056815664,-74.2091785940888,Villa,1164256.36,6.34,9,51,0.47
2024-03-11,Downtown,40.72587517856002,-74.00303471891904,Commercial,2733046.57,3.62,10,29,0.63
2023-09-22,Tech Park,40.65175370786125,-74.04216237475508,Studio,322754.47,5.65,36,73,0.66
2024-12-23,Downtown,40.69799691553993,-74.0025099886158,Studio,479559.98,3.26,84,43,0.41
2023-06-18,Downtown,40.72682779787619,-74.01321612987678,Apartment,845420.28,4.67,8,96,0.41
2024-03-23,Tech Park,40.63861008039891,-74.04494492061878,Studio,353157.22,6.45,57,53,0.32
2024-06-29,Coastal,40.592267316045714,-73.98303502335017,Commercial,2608932.94,5.32,96,29,0.54
2023-01-31,Industrial,40.79882942947873,-74.22471115150736,Apartment,447476.91,8.46,57,4,0.62
2023-06-12,Tech Park,40.63457915685717,-74.05968781136285,Studio,339055.34,6.58,6,81,0.49
2024-10-28,Industrial,40.807213787517206,-74.17881047665146,Villa,1026782.69,6.36,86,92,0.5
2024-12-24,Downtown,40.718156723451266,-73.9906912501125,Studio,516497.41,3.32,8,33,0.49
2023-02-12,Suburbs,40.76191311551156,-74.11215863552843,Villa,1010458.25,5.48,28,46,0.33
2023-03-22,Suburbs,40.732921549732616,-74.11733808410696,Commercial,1775732.7,5.57,15,90,0.48
2024-05-30,Industrial,40.78343412479303,-74.19759602882507,Studio,246615.92,7.4,3,67,0.47
2023-12-21,Suburbs,40.74206321173988,-74.12028322530509,Commercial,1674544.32,4.89,19,66,0.54
2023-03-26,Industrial,40.83241687686829,-74.1902912792652,Commercial,1609785.8,6.68,33,58,0.57
2024-09-14,Industrial,40.75732561946917,-74.20581006837955,Apartment,396844.31,7.69,52,14,0.55
2023-06-14,Suburbs,40.75349328897751,-74.0583670242287,Apartment,347296.42,6.31,52,88,0.41
2023-10-12,Coastal,40.59013314099852,-73.93459899782165,Villa,1794958.97,4.71,50,69,0.27
2024-06-12,Tech Park,40.64903274726831,-74.05421838079614,Commercial,2248033.5,7.06,50,34,0.41
2024-10-02,Tech Park,40.63907471981645,-74.05438555041368,Apartment,751171.13,7.22,3,58,0.48
2024-09-04,Downtown,40.69296803120834,-74.0575586238455,Villa,1880026.56,4.17,88,29,0.48
2024-06-26,Tech Park,40.60950093330214,-74.03601575122656,Studio,302124.91,6.07,79,52,0.48
2023-08-12,Downtown,40.70522517651912,-74.03242909721962,Commercial,2792813.89,3.62,44,41,0.54
2024-09-12,Industrial,40.79084163489812,-74.20606878774274,Commercial,1471897.41,6.16,44,52,0.32
2023-06-04,Coastal,40.61346956305624,-73.97053517238058,Commercial,2985682.28,3.66,49,15,0.52
2023-04-07,Tech Park,40.67924675364326,-74.04931590630923,Commercial,2194890.09,6.59,3,63,0.48
2024-10-19,Coastal,40.606540236500386,-73.9662876739012,Villa,1486227.64,5.18,88,8,0.4
2023-01-27,Coastal,40.589737455072715,-73.9555558865466,Apartment,729650.69,4.37,92,44,0.52
2023-03-17,Coastal,40.63999511663916,-73.9710876039049,Apartment,557740.02,5.11,4,72,0.52
2024-03-25,Industrial,40.827397665199044,-74.20716959281862,Studio,235251.92,5.58,28,92,0.64
2024-01-15,Coastal,40.59969058310466,-73.9696132582446,Commercial,2513003.0,5.28,79,74,0.65
2023-06-29,Downtown,40.750415222924055,-73.97041293748478,Apartment,814562.2,3.32,10,73,0.56
2024-10-20,Suburbs,40.70113709389538,-74.10007724557583,Commercial,1801803.81,5.12,47,45,0.46
2024-07-11,Suburbs,40.72193457940519,-74.08733262381449,Commercial,1546814.4,5.88,46,64,0.31
2023-12-08,Industrial,40.82492722431754,-74.2254904174777,Studio,224095.4,7.06,42,72,0.4
2023-11-05,Industrial,40.78027250815895,-74.21787632861164,Villa,854013.54,7.24,77,70,0.47
2023-05-15,Tech Park,40.63891838407319,-74.08705114269519,Villa,1491610.43,5.64,23,52,0.26
2023-01-03,Tech Park,40.68392460685047,-74.05842060691725,Villa,1224352.95,5.2,1,22,0.56
2023-06-22,Tech Park,40.63883733480685,-74.03011242538015,Studio,348558.1,6.09,4,3,0.55
2024-05-02,Coastal,40.59555288284391,-73.968149222298,Villa,1563997.92,5.34,52,66,0.47
2024-11-05,Downtown,40.70569939185713,-74.02032053248422,Villa,2025808.23,4.07,14,99,0.5
2023-09-07,Downtown,40.71843481096933,-74.00896445777687,Villa,1890947.04,4.11,53,67,0.37
2024-07-06,Industrial,40.790489952286485,-74.20174819736484,Apartment,362504.14,6.42,37,31,0.55
2024-08-08,Coastal,40.63872554225289,-73.96173389177524,Apartment,601174.13,4.47,9,95,0.31
2023-05-26,Downtown,40.69878577671625,-73.97961790925002,Studio,544317.21,3.22,75,52,0.49
2023-05-08,Tech Park,40.65420714278743,-74.05522563035773,Villa,1475972.1,4.87,22,26,0.57
2024-07-04,Coastal,40.56815792660724,-73.93774570537607,Commercial,2452628.54,5.41,48,26,0.41
2023-05-14,Downtown,40.70040496686658,-73.98154576414336,Commercial,2499385.84,4.05,21,81,0.26
2023-10-30,Downtown,40.707072030369986,-74.01602830093817,Villa,1965562.44,3.56,72,52,0.39
2023-06-25,Suburbs,40.73954126221225,-74.06208985308017,Apartment,443235.22,4.81,78,20,0.46
2023-07-08,Tech Park,40.65565871261763,-74.0433786304847,Studio,332271.12,6.41,24,29,0.36
2023-02-18,Suburbs,40.74628938995307,-74.08936449437668,Studio,287484.92,6.17,35,51,0.52
2023-12-15,Tech Park,40.63979826846562,-74.06202020241264,Villa,1420735.77,5.48,48,10,0.29
2023-12-21,Industrial,40.80537021051494,-74.17381087548408,Villa,1065277.34,7.0,52,18,0.59
2023-01-21,Suburbs,40.76414199774979,-74.10351995605545,Villa,1203929.92,4.45,34,2,0.59
2023-03-20,Industrial,40.77978662497493,-74.21548539844808,Studio,234632.0,7.06,87,48,0.5
2023-10-21,Downtown,40.70110545928455,-74.04134570408003,Villa,1787234.81,3.62,6,6,0.73
2023-12-31,Coastal,40.61899778136499,-73.95589044181625,Commercial,2430561.4,4.39,92,13,0.46
2023-04-25,Suburbs,40.70017677183697,-74.07566553015003,Apartment,429972.42,5.8,56,54,0.45
2023-06-03,Tech Park,40.6799709272134,-74.03152057144257,Apartment,486676.58,6.72,86,49,0.5
2023-07-22,Coastal,40.602579040958915,-73.95056011927164,Apartment,567814.32,4.17,70,65,0.28
2023-06-15,Tech Park,40.65227795143997,-74.02917187408961,Commercial,1961136.88,6.01,19,52,0.63
2024-08-24,Coastal,40.60026840970777,-73.95026566177918,Commercial,2487752.62,4.77,12,10,0.5
2023-03-26,Industrial,40.789960160796376,-74.1843549992012,Studio,265022.51,7.37,42,12,0.33
2023-01-09,Suburbs,40.774848745730516,-74.10513390056248,Commercial,1887613.47,5.61,17,29,0.64
2023-02-15,Downtown,40.69850462942381,-74.01280680965766,Villa,1759369.93,4.42,54,16,0.59
2024-01-27,Downtown,40.71399330371293,-74.04147565460828,Studio,448863.68,4.07,82,38,0.37
2023-04-09,Suburbs,40.74271290180227,-74.08769762288348,Commercial,2095788.84,5.6,46,30,0.37
2023-03-29,Industrial,40.805346765601726,-74.19838387722587,Commercial,1440972.65,7.81,74,50,0.43
2024-09-24,Tech Park,40.68477983620654,-74.05955073075384,Villa,1287835.51,6.86,14,8,0.47
2024-02-22,Tech Park,40.61789090601922,-74.06470549438755,Villa,1359531.67,6.11,72,55,0.41
2023-10-21,Tech Park,40.675991769553306,-74.01182804256618,Villa,1569810.55,5.82,54,46,0.54
2023-06-20,Industrial,40.81555470094496,-74.19850628314727,Villa,773914.46,7.09,85,85,0.5
2023-02-14,Coastal,40.64559690965949,-73.95190249755107,Villa,1339716.21,5.92,41,75,0.57
2023-10-18,Downtown,40.70863098443461,-73.99430541817715,Villa,1459433.96,3.98,50,86,0.69
2024-04-21,Coastal,40.591161926736696,-73.92738946760926,Villa,1564805.91,4.89,98,75,0.55
2023-01-08,Downtown,40.71113843118072,-74.00995189137444,Studio,368142.7,4.75,19,98,0.47
2024-07-24,Suburbs,40.72306512962963,-74.11238118139998,Apartment,537863.94,4.93,45,28,0.41
2023-11-29,Suburbs,40.72051413888983,-74.12071405355626,Studio,277399.05,5.35,48,45,0.6
2023-09-21,Suburbs,40.79736963418651,-74.09924873297237,Villa,1063581.96,6.0,66,70,0.52
2023-10-17,Tech Park,40.646529118549566,-74.04069542207081,Villa,1351911.18,6.14,44,17,0.59
2023-12-17,Suburbs,40.71834151674565,-74.12226128202374,Commercial,1877951.51,6.16,12,76,0.29
2023-10-22,Coastal,40.630375904357855,-73.9442723007815,Apartment,571332.98,5.71,65,98,0.58
2023-10-09,Industrial,40.80643305319183,-74.19125944686193,Villa,946483.16,7.48,53,6,0.6
2023-05-03,Tech Park,40.633864590959945,-74.05154965548664,Apartment,620164.52,6.3,47,13,0.56
2023-09-23,Industrial,40.79065718603364,-74.21610923038615,Apartment,459605.01,6.75,46,57,0.46
2023-04-20,Suburbs,40.75365829127241,-74.13707464482438,Apartment,441817.31,4.16,22,30,0.45
2023-07-17,Suburbs,40.77753144866647,-74.09334368131347,Villa,1101567.19,5.71,85,18,0.47
2023-01-28,Suburbs,40.761218933962,-74.07721430739554,Studio,302352.09,5.34,11,32,0.31
2024-02-12,Coastal,40.60458909501608,-73.96766219890974,Apartment,725373.34,4.87,4,89,0.36
2023-07-24,Suburbs,40.72637290070834,-74.10394501280705,Commercial,1657235.76,4.85,24,65,0.43
2024-04-22,Coastal,40.635862286552154,-73.9688430771038,Commercial,2650188.48,4.53,64,83,0.42
2023-03-04,Downtown,40.70841175358056,-74.00130143749824,Apartment,881941.25,3.82,89,49,0.64
2023-11-20,Suburbs,40.73226721661591,-74.09927026467317,Studio,225688.12,6.27,39,44,0.52
2024-12-24,Suburbs,40.74330422151437,-74.09223154992718,Apartment,451978.43,4.7,27,98,0.52
2023-11-14,Industrial,40.80857046591494,-74.20334976703082,Apartment,383814.02,6.27,42,39,0.48
2023-10-04,Tech Park,40.64399806607829,-74.03001829880034,Villa,1471808.86,6.35,58,52,0.64
2024-10-18,Coastal,40.642974125878744,-73.9556108497174,Studio,418799.23,4.72,27,55,0.56
2024-10-29,Tech Park,40.66176314528872,-74.06412951001532,Studio,333452.38,6.01,85,78,0.62
2023-06-15,Coastal,40.64232024113662,-73.96510998896734,Commercial,2385492.7,5.77,27,51,0.43
2023-09-08,Coastal,40.62589409819225,-73.92443941616035,Studio,409714.8,4.99,48,52,0.56
2023-10-24,Suburbs,40.73583023796942,-74.12316686067123,Apartment,372378.83,6.01,93,10,0.66
2024-01-27,Coastal,40.619355191835524,-73.91144943251726,Apartment,683502.12,5.16,21,3,0.42
2023-09-25,Coastal,40.57843239593321,-73.93056139313119,Studio,395593.73,5.65,49,21,0.51
2023-05-03,Industrial,40.790076610559666,-74.20636896980662,Villa,991246.57,7.77,71,7,0.49
2024-12-24,Industrial,40.74799758599602,-74.17490510325325,Apartment,450061.15,6.78,90,93,0.66
2023-03-11,Tech Park,40.63601936478141,-74.04384962237498,Studio,273866.34,5.91,60,62,0.59
2024-07-13,Suburbs,40.77697386397291,-74.09917450121313,Studio,270415.75,5.29,48,73,0.57
2023-10-06,Industrial,40.8341074603606,-74.19130382340751,Commercial,1535702.65,7.35,54,68,0.47
2024-05-23,Coastal,40.638896572831364,-73.98303502055342,Apartment,666835.52,4.92,7,9,0.52
2023-06-05,Coastal,40.58086247645235,-73.9440492272956,Apartment,774489.28,4.91,34,19,0.31
2024-09-15,Suburbs,40.75647305858307,-74.09423668984715,Commercial,1572859.84,6.12,1,28,0.5
2023-04-16,Downtown,40.699997069898124,-73.9958397541789,Villa,1624710.9,3.7,79,15,0.51
2023-10-23,Downtown,40.71684149012323,-73.96833331780662,Commercial,2514896.67,4.21,86,73,0.47
2024-09-12,Coastal,40.60817686423629,-73.95999165280624,Apartment,614068.59,4.7,8,52,0.44
2024-12-25,Suburbs,40.744983326563776,-74.12322723661805,Villa,1041672.65,4.73,46,46,0.46
2023-06-28,Downtown,40.68720704303302,-74.02848400193893,Villa,1923322.38,4.35,45,68,0.48
2024-04-23,Suburbs,40.729004536834786,-74.0770348431483,Apartment,478405.69,5.74,7,42,0.52
2023-04-17,Industrial,40.822314564440376,-74.20312690534044,Villa,1131780.19,7.55,1,43,0.53
2023-06-16,Industrial,40.77369123468225,-74.20911765470744,Commercial,1673931.88,6.99,98,17,0.47
2024-12-09,Downtown,40.71179838802287,-73.97656582203277,Studio,515575.04,4.21,7,13,0.6
2024-12-17,Coastal,40.60153114687887,-73.94463468580936,Apartment,663928.36,5.16,17,34,0.44
2024-03-07,Coastal,40.57322552587729,-73.96771336368013,Commercial,2788822.37,4.52,27,1,0.38
2024-03-25,Industrial,40.80938535605007,-74.18325085595283,Villa,976011.07,6.98,9,31,0.55
2024-07-07,Tech Park,40.63132116185164,-74.0704896999803,Studio,326645.52,5.68,16,31,0.41
2024-02-24,Suburbs,40.73254913246449,-74.1071225672568,Apartment,498955.69,5.53,59,99,0.43
2024-11-03,Industrial,40.75240371435139,-74.21468479895384,Commercial,1860052.85,6.05,27,89,0.42
2024-10-18,Coastal,40.614286080814225,-73.94929257165823,Villa,1390473.11,4.87,69,58,0.38
2023-06-14,Tech Park,40.65437659436319,-74.05495136852822,Commercial,2306558.47,5.21,55,41,0.51
2023-08-09,Coastal,40.62124382615254,-73.93838351810707,Studio,418138.96,4.74,13,93,0.57
2023-04-14,Tech Park,40.64783672729621,-74.0555514461712,Commercial,2915339.32,6.15,53,52,0.28
2024-10-29,Coastal,40.60448840076764,-74.00946612342585,Commercial,2270934.52,4.86,54,17,0.46
2024-10-27,Downtown,40.72550491073208,-74.02652484750605,Apartment,712696.94,4.33,80,36,0.68
2024-11-29,Coastal,40.6098639137698,-73.95709181265006,Villa,1474893.79,5.54,90,67,0.54
2023-03-06,Suburbs,40.78896336468051,-74.09667891258928,Villa,937305.14,5.7,49,99,0.66
2024-09-15,Downtown,40.71588047634439,-74.0002504064997,Commercial,3047953.81,3.76,10,96,0.46
2024-09-25,Tech Park,40.656505033517085,-74.02641473682841,Commercial,2412201.25,6.13,40,64,0.46
2024-01-30,Suburbs,40.780081352090406,-74.11409286596246,Apartment,484710.51,5.13,78,13,0.43
2023-08-23,Suburbs,40.76883238027103,-74.09846963875512,Commercial,1717737.51,5.62,85,41,0.37
2024-09-07,Coastal,40.62615928385099,-73.93596589206422,Studio,394886.13,5.38,68,15,0.59
2024-04-10,Coastal,40.622702614875536,-73.92725003394325,Studio,378675.99,5.36,63,68,0.57
2023-12-29,Suburbs,40.77471334572019,-74.13335330532381,Villa,1186981.22,5.37,88,85,0.48
2024-01-26,Suburbs,40.77207856958014,-74.0769089396244,Commercial,1867551.41,5.03,77,3,0.47
2024-08-24,Coastal,40.59684463639421,-73.93385219178693,Apartment,640447.81,5.73,59,67,0.44
2023-04-07,Coastal,40.574105864927716,-73.94145377826493,Villa,1694121.12,5.32,18,21,0.51
2024-10-10,Tech Park,40.65434744253388,-74.06498305309734,Commercial,2608928.53,5.66,61,83,0.58
2023-10-06,Coastal,40.59047988143005,-73.88732926680913,Villa,1532173.51,4.56,83,42,0.44
2023-10-29,Downtown,40.6927340849021,-74.02127405318357,Villa,1974698.54,3.99,42,29,0.47
2023-09-11,Suburbs,40.736893449535984,-74.09610064588018,Commercial,1693471.88,5.37,20,23,0.62
2023-02-02,Downtown,40.735899604583956,-73.97485219684701,Commercial,2687190.78,4.22,15,21,0.46
2024-09-21,Downtown,40.71721683540581,-74.00685648758152,Villa,1802928.35,4.21,7,40,0.47
2024-11-24,Coastal,40.612285109761885,-73.92910667528649,Studio,366069.66,4.35,2,79,0.52
2023-07-30,Tech Park,40.625598284135044,-74.07304390602168,Villa,1250791.99,6.16,24,88,0.48
2024-08-26,Tech Park,40.623209641528696,-74.06876908997054,Studio,366485.71,5.19,40,46,0.32
2024-06-03,Coastal,40.63762945786002,-73.94529300402235,Apartment,520150.27,4.31,13,2,0.4
2024-10-20,Coastal,40.578280736585164,-73.93163163390857,Villa,1346661.61,4.93,21,36,0.31
2023-10-21,Downtown,40.711616417783794,-74.02151043698757,Villa,1970474.11,2.84,23,36,0.59
2024-02-10,Downtown,40.73492185045707,-74.00664463377522,Apartment,637141.13,3.27,17,72,0.52
2023-12-02,Suburbs,40.729229182859285,-74.07774403608774,Villa,1098129.14,5.28,99,6,0.54
2024-05-24,Tech Park,40.68316524721217,-74.0271841710489,Studio,248466.7,5.24,90,56,0.6
2023-08-03,Downtown,40.70435570830169,-74.01138299671479,Studio,490666.32,3.81,15,98,0.46
2023-11-09,Downtown,40.716373395504384,-73.99758246484136,Villa,1771489.82,3.65,56,76,0.46
2024-03-15,Industrial,40.80132037498686,-74.2229078344377,Commercial,1534674.88,6.83,43,40,0.47
2023-10-03,Industrial,40.81699289565413,-74.19032317749948,Apartment,398306.72,4.78,99,43,0.47
2024-08-31,Coastal,40.62492452508681,-73.91897437602198,Villa,1325873.86,5.11,95,17,0.54
2024-05-21,Suburbs,40.75112493080321,-74.12592834038146,Villa,996792.94,6.39,55,82,0.42
2023-12-24,Coastal,40.601202721114326,-73.93063117183306,Villa,1870381.24,5.5,75,56,0.59
2024-06-29,Coastal,40.544653491547955,-73.94484208322145,Villa,1712552.07,5.56,27,21,0.6
2023-07-01,Downtown,40.67937065484133,-73.98898319034315,Commercial,3139567.7,4.59,36,10,0.35
2023-07-19,Industrial,40.79662204311752,-74.20431661510872,Commercial,1782057.24,8.32,62,71,0.44
2024-01-11,Suburbs,40.74869092043156,-74.07674244612505,Studio,275790.51,5.45,66,25,0.62
2023-04-25,Coastal,40.59484550876827,-73.91462589753691,Commercial,2685771.7,5.17,77,51,0.47
2023-05-30,Downtown,40.712829347428844,-74.04475580312364,Apartment,715529.6,3.57,33,14,0.5
2023-04-25,Suburbs,40.722653470774304,-74.08130659683799,Commercial,1829510.09,6.1,98,98,0.62
2024-09-02,Coastal,40.58563032029678,-73.93433068703351,Commercial,2785207.17,5.29,69,67,0.69
2024-06-13,Coastal,40.600227398175974,-73.97012866614344,Studio,382518.01,4.96,80,72,0.22
2024-11-01,Coastal,40.589513637720614,-73.96116840336975,Studio,400035.06,5.64,18,94,0.54
2023-08-10,Industrial,40.803680482895345,-74.17645582425166,Villa,1136076.92,7.63,91,85,0.33
2024-04-07,Industrial,40.79398861218829,-74.20893955105612,Commercial,1613748.26,7.35,33,8,0.3
2023-01-10,Industrial,40.79051893853928,-74.18002454062281,Studio,268390.93,6.59,61,16,0.66
2023-12-05,Suburbs,40.71560744962669,-74.10655118846738,Studio,252790.98,5.94,50,12,0.46
2023-02-16,Coastal,40.59908569986641,-73.9318643146665,Apartment,676380.27,5.43,95,53,0.42
2024-09-06,Tech Park,40.67002486016187,-74.0341240108098,Villa,1506187.77,6.55,20,37,0.33
2023-01-11,Suburbs,40.76424373315254,-74.09301272893035,Apartment,465394.48,4.78,86,40,0.64
2023-07-18,Coastal,40.606034533284415,-73.92366389055432,Studio,521732.96,5.26,24,40,0.43
2023-07-29,Industrial,40.797783209256146,-74.20960324566386,Studio,240723.38,7.86,80,63,0.55
2024-04-13,Industrial,40.80497592270958,-74.21766086177995,Studio,241664.08,6.52,45,90,0.54
2023-12-28,Downtown,40.734667488580605,-74.01416518701467,Villa,1673271.94,3.55,92,61,0.55
2024-09-15,Coastal,40.57294686372031,-73.95146840961377,Villa,1767488.83,4.56,31,25,0.52
2023-11-19,Industrial,40.803247063965244,-74.19524249687302,Studio,233889.41,6.83,49,21,0.48
2024-04-23,Downtown,40.722376951464355,-74.00654428264755,Studio,396710.06,3.8,9,20,0.59
2024-01-17,Suburbs,40.7651460844755,-74.09272853201541,Villa,1189715.17,5.9,88,60,0.61
2023-11-02,Industrial,40.81050338626524,-74.24777062924956,Villa,933348.6,7.02,52,23,0.48
2024-07-02,Tech Park,40.63567211412598,-74.06130575051228,Studio,371203.37,5.69,98,19,0.39
2024-02-14,Coastal,40.5845876409975,-73.91958719807967,Commercial,2081836.56,4.65,16,71,0.49
2024-06-02,Tech Park,40.64656896721903,-74.02977873824214,Studio,357015.6,6.11,49,11,0.56
2023-07-15,Downtown,40.709457442968684,-74.01801070817322,Villa,1704000.11,3.83,40,5,0.41
2024-01-09,Industrial,40.822126713869615,-74.20040054393688,Studio,204728.97,5.82,11,11,0.38
2023-10-31,Tech Park,40.6574241352694,-74.04963538005725,Villa,1662922.71,5.96,77,65,0.36
2023-05-15,Tech Park,40.66186108100566,-74.03803236244839,Villa,1406083.56,6.72,34,80,0.49
2024-08-04,Coastal,40.64882511690531,-73.93780980207575,Studio,338815.48,5.53,1,34,0.56
2024-05-24,Suburbs,40.75875012406946,-74.13288748882474,Studio,324717.54,5.37,24,85,0.41
2023-11-16,Suburbs,40.76119409551068,-74.07145386444348,Villa,1023127.01,4.9,35,71,0.45
2024-04-20,Downtown,40.680792890007154,-73.98257761870525,Studio,454838.63,3.54,18,18,0.51
2023-04-13,Tech Park,40.645249716644216,-74.05363854315111,Villa,1426273.42,5.66,57,93,0.57
2024-04-12,Industrial,40.802974451815075,-74.17701244453762,Villa,1083771.92,6.85,24,30,0.4
2024-08-07,Coastal,40.61551560059045,-73.95850791961116,Commercial,2438333.78,4.15,48,23,0.52
2023-03-01,Suburbs,40.79592678631859,-74.09055719195149,Studio,294555.14,6.05,27,12,0.51
2023-06-12,Tech Park,40.649199255849574,-74.01933974915501,Studio,329816.93,6.25,61,2,0.29
2024-12-19,Downtown,40.716809000782575,-74.00341664987408,Commercial,2884998.7,3.29,76,13,0.57
2023-05-25,Suburbs,40.728091542955234,-74.1160054610285,Studio,293975.09,5.34,72,21,0.53
2023-05-30,Tech Park,40.66827423304685,-74.04552952474917,Studio,306576.75,5.86,37,78,0.69
2023-06-21,Coastal,40.57901553499906,-73.93630850549928,Villa,1547942.42,4.12,74,33,0.7
2024-03-24,Suburbs,40.76442536160513,-74.0786110522375,Commercial,1799254.33,5.81,36,1,0.43
2023-03-16,Suburbs,40.75173950819843,-74.1043598918186,Studio,289667.99,5.55,23,43,0.51
2023-05-13,Suburbs,40.74334960790334,-74.07818311340161,Studio,260768.94,4.99,7,50,0.4
2024-08-07,Suburbs,40.7870779289139,-74.06796160261423,Villa,1225681.04,4.85,57,62,0.44
2024-09-28,Industrial,40.7705167810442,-74.202524962955,Apartment,375454.75,5.7,34,88,0.55
2023-07-10,Tech Park,40.63911451134151,-74.0715548786986,Apartment,584186.67,5.56,16,25,0.57
2023-06-09,Suburbs,40.802049597497486,-74.05172527729071,Apartment,518266.94,5.76,39,7,0.41
2023-06-26,Tech Park,40.643011500987285,-74.03193883666526,Apartment,676671.86,6.23,4,44,0.53
2024-03-03,Downtown,40.73541346421328,-74.00348982251036,Commercial,2576527.29,4.6,61,80,0.47
2024-11-24,Suburbs,40.76954526740606,-74.09640609237788,Commercial,1929347.37,5.41,39,99,0.54
2024-09-04,Tech Park,40.64937057259593,-74.08079813805931,Villa,1427552.11,5.93,28,89,0.56
2024-01-06,Downtown,40.735739257365104,-74.00729742882106,Apartment,765594.01,4.39,35,2,0.57
2024-07-24,Suburbs,40.76692497017145,-74.04744184223603,Apartment,525603.86,6.25,23,30,0.36
2023-07-20,Coastal,40.56965834651268,-73.9454862985452,Commercial,2803835.2,4.9,31,69,0.32
2024-12-28,Tech Park,40.65968255840078,-74.05735362246918,Studio,328858.11,6.48,40,16,0.48
2023-12-14,Suburbs,40.75033401734535,-74.10730265875591,Apartment,417096.71,4.66,84,26,0.7
2024-05-28,Downtown,40.714358745931165,-74.01035204471559,Apartment,853295.58,3.88,77,20,0.63
2024-03-25,Coastal,40.60250075347057,-73.94545769231445,Studio,402764.83,5.38,52,7,0.63
2023-05-01,Tech Park,40.65715151781659,-74.08322408810368,Commercial,2771956.47,5.42,72,22,0.64
2024-08-12,Coastal,40.60025383528225,-73.92725493506717,Commercial,2896604.31,5.15,35,40,0.4
2024-04-08,Tech Park,40.65403167921281,-74.06951822340314,Villa,1329415.68,5.49,55,60,0.61
2024-02-21,Downtown,40.67667553569321,-74.03237334456057,Studio,437001.85,4.03,74,12,0.54
2023-08-08,Downtown,40.686064482434496,-74.00619230956727,Commercial,3211692.61,4.09,13,56,0.55
2024-02-04,Industrial,40.819278462309754,-74.20088870389195,Studio,210587.17,7.09,93,24,0.39
2023-11-07,Tech Park,40.64546644445808,-74.07185764628508,Studio,340697.31,4.96,84,90,0.54
2023-05-23,Suburbs,40.71859635800525,-74.06943160306854,Apartment,423028.99,6.18,61,57,0.67
2023-07-21,Tech Park,40.65186605285135,-74.05641868741459,Villa,1446892.55,5.55,75,86,0.42
2023-11-18,Tech Park,40.707893682609466,-74.0476080409085,Villa,1523384.87,6.28,83,16,0.49
2024-11-09,Downtown,40.74497776186826,-73.95970356816447,Apartment,765545.44,3.8,68,87,0.49
2024-06-19,Tech Park,40.66879057944327,-74.08446808841427,Commercial,2027753.72,6.9,12,56,0.56
2024-08-01,Downtown,40.70995736330768,-74.00584473966425,Apartment,657424.19,4.37,84,65,0.55
2024-12-30,Downtown,40.702540515120646,-74.01487043199674,Studio,525188.27,4.88,13,38,0.46
2024-04-25,Tech Park,40.63216487509618,-74.02993173899642,Commercial,3144284.81,6.85,24,7,0.48
2024-06-23,Downtown,40.69930835095584,-73.95471479644898,Commercial,3064591.53,3.45,91,35,0.39
2023-03-08,Tech Park,40.64347465065464,-74.01758451833182,Commercial,2306749.62,6.1,69,49,0.78
2024-09-23,Downtown,40.70989024010645,-74.0075602188295,Apartment,812472.91,4.21,23,33,0.39
2024-12-05,Tech Park,40.66849829338437,-74.04794832862314,Commercial,2172974.58,6.5,10,69,0.37
2023-07-15,Downtown,40.74656879747015,-74.02388740241085,Villa,2021796.76,4.17,8,49,0.61
2024-12-29,Coastal,40.59832874893615,-73.93831273021908,Commercial,2350058.0,6.03,43,6,0.46
2024-03-05,Industrial,40.798635940549524,-74.19909547618707,Commercial,1868101.81,6.86,16,67,0.61
2023-06-22,Industrial,40.76300822979117,-74.19401600467822,Apartment,375056.12,6.3,97,71,0.53
2024-07-09,Industrial,40.78360756810915,-74.19988091960244,Studio,211062.54,6.54,36,34,0.44
2023-01-08,Tech Park,40.64554356771627,-74.04629753218094,Studio,395324.88,6.47,18,68,0.5
2024-05-02,Industrial,40.80537622394364,-74.22056163519687,Villa,1020727.95,6.13,26,85,0.48
2023-09-13,Industrial,40.851605837973814,-74.16176809975991,Villa,1023944.62,6.52,35,26,0.49
2023-11-16,Tech Park,40.65293370353098,-74.08073981874588,Studio,454832.15,5.31,11,38,0.5
2024-04-02,Industrial,40.78456826866799,-74.18980667582001,Apartment,439103.29,6.33,10,75,0.45
2023-08-11,Industrial,40.76014012075684,-74.21608401749249,Apartment,418046.11,7.1,33,72,0.5
2024-04-26,Suburbs,40.78403584203077,-74.11886485525287,Apartment,408354.51,6.43,56,17,0.43
2023-06-18,Tech Park,40.63641429506071,-74.05406781345734,Commercial,2095740.82,6.89,76,41,0.39
2023-12-31,Downtown,40.72886120977318,-73.99666410451488,Commercial,2979380.22,4.45,80,66,0.41
2023-07-24,Tech Park,40.63337424209036,-74.05981897899463,Commercial,2484948.19,5.21,38,95,0.53
2023-10-31,Suburbs,40.74078848867052,-74.11940833159125,Apartment,504022.07,5.05,88,25,0.5
2023-03-07,Tech Park,40.65351758853716,-74.08608374219394,Studio,373861.99,4.38,1,63,0.31
2024-12-28,Tech Park,40.6627840416591,-74.04422480692895,Studio,367565.65,6.7,72,64,0.34
2024-03-18,Industrial,40.79902551393455,-74.20508977491866,Studio,271302.12,6.69,85,67,0.4
2024-05-23,Coastal,40.60250136228521,-73.92714339320888,Villa,1577692.77,6.27,10,31,0.67
2024-07-09,Industrial,40.81461341812126,-74.21028761202982,Villa,997235.34,6.95,90,24,0.27
2023-08-20,Coastal,40.626636171590825,-73.93555389032434,Studio,398076.75,5.69,33,79,0.46
2024-04-09,Tech Park,40.637769683959235,-74.03424913351346,Commercial,2061708.27,6.05,97,93,0.56
2023-10-09,Coastal,40.60425452242384,-73.93854367556183,Commercial,2553059.54,5.0,84,84,0.39
2023-02-13,Tech Park,40.69369620621969,-74.06087167880187,Apartment,625877.03,5.3,28,94,0.34
2023-06-05,Suburbs,40.775300284681435,-74.10523890012848,Villa,827704.48,4.79,10,21,0.64
2024-03-02,Suburbs,40.719479850917004,-74.0717880116798,Commercial,1644990.33,5.55,62,1,0.45
2023-07-21,Downtown,40.66306957054758,-73.99567889970449,Commercial,3260852.54,4.32,52,46,0.39
2024-10-26,Tech Park,40.62258315910342,-74.01810159583827,Studio,304076.08,5.93,65,69,0.44
2024-01-21,Tech Park,40.65438408375267,-74.06674744924672,Studio,290460.08,6.21,51,89,0.47
2024-02-16,Downtown,40.68593333795443,-74.0405922080515,Commercial,2661957.31,4.58,36,95,0.5
2024-06-20,Industrial,40.79242610395062,-74.20021878103921,Apartment,417593.72,5.6,9,67,0.46
2023-07-02,Downtown,40.67416567239721,-74.02419546808687,Studio,442612.26,3.98,68,59,0.51
2024-09-09,Downtown,40.71794113939288,-74.00136393389762,Studio,424101.28,3.41,23,74,0.52
2023-09-11,Downtown,40.72716201577748,-74.01271111786302,Apartment,738759.15,4.44,51,29,0.65
2024-10-11,Tech Park,40.64733972873005,-74.04777553330318,Commercial,2321441.86,6.48,4,75,0.55
2023-01-09,Downtown,40.72164479087022,-74.00165990003549,Commercial,3434473.8,3.44,81,56,0.42
2024-03-21,Suburbs,40.74138519682492,-74.10271202479801,Villa,1164887.22,5.58,22,27,0.64
2023-11-26,Coastal,40.604155636974525,-73.95418360868935,Commercial,2588857.38,5.04,7,15,0.4
2023-07-21,Coastal,40.57689820449664,-73.96741174653674,Apartment,628352.43,4.81,88,83,0.5
2024-01-12,Coastal,40.59377583421653,-73.97182093434388,Villa,1345927.53,4.44,83,50,0.41
2024-12-28,Industrial,40.79766369905095,-74.15982661983521,Studio,268205.39,6.71,81,49,0.57
2023-05-24,Coastal,40.59417121318106,-73.93019833672012,Commercial,2613313.02,4.39,84,48,0.49
2023-07-13,Coastal,40.59711673373728,-73.96198688961134,Commercial,2125078.93,4.24,17,58,0.54
2024-04-01,Downtown,40.71070897222863,-74.0338859550041,Studio,393405.96,4.07,65,44,0.59
2024-04-09,Suburbs,40.73925681075038,-74.09478267650556,Studio,291596.96,5.8,95,74,0.63
2023-12-14,Downtown,40.716816794773884,-74.01310828608257,Studio,391062.06,4.19,57,54,0.58
2023-03-13,Downtown,40.72455389803736,-73.99695861204995,Commercial,2398330.43,4.73,95,89,0.54
2023-09-21,Industrial,40.765832820675215,-74.2287614870298,Commercial,1540676.7,6.95,53,63,0.47
2024-01-04,Coastal,40.608067841602015,-73.93120742306145,Apartment,664135.55,4.39,23,62,0.57
2024-08-23,Coastal,40.588232859550686,-73.96775758371072,Commercial,2680484.47,5.27,11,38,0.32
2023-11-05,Industrial,40.80485288680115,-74.18841248700868,Villa,1044606.63,7.06,53,28,0.51
2023-03-27,Suburbs,40.7548089501028,-74.06322186871381,Villa,1107055.53,5.14,73,20,0.48
2024-09-23,Industrial,40.79147348267116,-74.18369048090607,Villa,968695.91,7.7,46,84,0.39
2023-09-22,Industrial,40.77714871525888,-74.17055258564946,Apartment,440567.98,7.57,80,58,0.31
2024-07-08,Coastal,40.59821328269058,-73.95223590690998,Apartment,693877.66,5.52,7,44,0.41
2023-09-20,Tech Park,40.61986155401724,-74.04707570407244,Villa,1461743.39,6.43,10,4,0.59
2023-12-10,Tech Park,40.66809694074374,-74.01074326089791,Apartment,558512.34,5.97,28,78,0.41
2023-03-30,Industrial,40.77393380632784,-74.20903252177412,Apartment,386709.09,6.57,85,98,0.41
2024-05-09,Industrial,40.79520493350471,-74.17747132566508,Apartment,464079.71,6.14,89,1,0.69
2023-05-18,Suburbs,40.73442825906377,-74.08711870154085,Commercial,2033126.74,5.72,56,72,0.57
2024-03-14,Downtown,40.733634657053095,-73.99974353227513,Studio,449334.13,4.34,93,70,0.69
2024-05-31,Suburbs,40.75909849456132,-74.13755247300448,Commercial,2010370.1,5.37,50,99,0.47
2023-12-14,Industrial,40.83442338257518,-74.21865386507062,Villa,1079823.63,6.88,57,54,0.41
2024-05-22,Tech Park,40.621988072594874,-74.05119852995207,Studio,321682.54,6.25,1,23,0.39
2024-12-29,Tech Park,40.66212100334531,-74.00322454937904,Villa,1616946.32,5.19,25,99,0.58
2023-04-21,Downtown,40.727930638019735,-74.0205108231795,Commercial,2723853.36,4.34,5,4,0.45
2024-07-21,Tech Park,40.67285655156833,-74.03505850087363,Villa,1209857.77,6.63,31,30,0.49
2023-08-22,Suburbs,40.73622128921665,-74.05538626974543,Commercial,1532550.52,4.59,62,81,0.27
2023-09-23,Coastal,40.60980027498827,-73.97152507378226,Apartment,587796.86,4.42,70,32,0.53
2024-05-19,Tech Park,40.65589661378419,-74.05391449958168,Apartment,619741.71,7.18,70,11,0.68
2023-10-04,Suburbs,40.77904712802398,-74.08267957870031,Commercial,2065433.6,5.25,58,48,0.52
2024-06-14,Suburbs,40.711627318182785,-74.13182996308053,Villa,1212685.78,6.71,69,52,0.43
2024-01-06,Suburbs,40.77580361277557,-74.07719718879895,Apartment,496026.12,5.56,71,47,0.6
2023-08-20,Industrial,40.78550870484917,-74.16972411489738,Studio,258169.34,7.48,8,55,0.51
2023-04-05,Tech Park,40.60282642382639,-74.03278629157262,Villa,1320067.69,4.85,74,94,0.36
2024-11-01,Industrial,40.820525190629,-74.17649099022326,Apartment,408425.98,6.85,99,58,0.49
2023-10-02,Industrial,40.79888414034972,-74.16909549181257,Villa,1065820.28,6.58,80,55,0.7
2023-12-06,Downtown,40.72173281003311,-74.04177320515265,Villa,1778021.93,4.38,12,5,0.34
2024-09-30,Suburbs,40.756551854622856,-74.10359817261603,Villa,1051351.94,5.63,22,14,0.57
2024-03-30,Tech Park,40.655891536010806,-74.06293672608335,Apartment,691078.78,5.56,9,71,0.44
2023-05-03,Coastal,40.62260348212079,-73.97804036991296,Apartment,637415.84,4.79,59,2,0.45
2024-10-18,Coastal,40.61461485375668,-73.97506113247685,Villa,1491719.27,5.22,98,31,0.46
2024-10-13,Suburbs,40.744257402875405,-74.07414504736711,Apartment,394882.87,6.02,54,97,0.6
2024-02-22,Coastal,40.582439069190684,-73.96326825848523,Studio,403692.56,5.69,5,36,0.55
2024-04-13,Tech Park,40.61443594544868,-74.04595019497981,Studio,353361.08,6.4,31,91,0.53
2024-02-15,Downtown,40.726915677704085,-74.00614480797188,Commercial,3210178.62,4.05,63,44,0.46
2023-07-24,Coastal,40.59737786180751,-73.9450972245671,Villa,1282577.66,3.69,31,68,0.48
2024-06-19,Suburbs,40.76548359037086,-74.10920428518153,Apartment,449773.16,5.26,74,51,0.5
2023-11-12,Downtown,40.717378804303294,-74.02160809211857,Villa,1821153.17,3.49,78,12,0.38
2023-11-26,Coastal,40.58988939004375,-73.93096134052483,Studio,347440.24,5.68,45,93,0.52
2023-09-27,Industrial,40.80519993619145,-74.22022232759268,Apartment,360012.82,5.13,63,33,0.48
2024-10-15,Tech Park,40.66531412208928,-74.08875662639119,Commercial,2017269.02,6.38,88,98,0.57
2024-04-12,Downtown,40.71928731948488,-73.9779940186262,Villa,1539036.43,3.46,92,33,0.57
2024-10-29,Suburbs,40.74542431312161,-74.0966461693028,Commercial,1790749.77,5.26,61,65,0.46
2024-07-28,Coastal,40.6021517528815,-73.95869469936248,Apartment,552812.16,4.8,91,45,0.59
2024-08-01,Coastal,40.61470674906505,-73.95655584007855,Apartment,622877.75,4.96,53,84,0.67
2023-11-29,Industrial,40.81130586633436,-74.23343944943585,Commercial,1524369.24,6.7,38,70,0.44
2024-05-21,Suburbs,40.74512652069817,-74.10441946643944,Apartment,460084.61,5.74,2,42,0.44
2024-01-15,Industrial,40.78729271034815,-74.18630684917994,Villa,757118.32,8.03,98,16,0.42
2024-09-11,Industrial,40.79197035211872,-74.20194638595385,Commercial,1563463.11,7.32,37,22,0.46
2024-01-18,Downtown,40.70586272024151,-73.99825066414473,Villa,2193304.85,4.09,3,9,0.67
2024-03-01,Tech Park,40.65150818257849,-74.0402202093868,Villa,1442828.8,5.92,67,71,0.49
2024-08-17,Coastal,40.56962030832889,-73.9967186139411,Villa,1626930.17,4.4,46,1,0.6
2023-02-27,Downtown,40.751385399932424,-74.00805534922975,Studio,510183.99,3.9,82,50,0.6
2023-08-27,Coastal,40.61708875502281,-73.96707692150883,Studio,357801.53,4.88,92,48,0.6
2023-08-19,Downtown,40.68172180950845,-74.02440712350942,Villa,1836693.61,3.54,68,14,0.59
2024-03-17,Coastal,40.578531290123344,-73.91981519960345,Villa,1619610.28,5.36,65,1,0.47
2024-12-12,Coastal,40.59116598588538,-73.92715098925046,Villa,1549331.2,5.25,41,57,0.56
2023-05-27,Industrial,40.80354668484336,-74.20193216969714,Studio,235638.97,6.92,59,38,0.51
2024-10-06,Downtown,40.68109507978541,-73.9988704579066,Apartment,745657.33,3.54,6,53,0.55
2023-12-31,Coastal,40.60260911582996,-73.92583135713909,Commercial,2330990.94,4.7,16,44,0.26
2023-01-29,Tech Park,40.6511040350759,-74.06191814881626,Apartment,580158.23,4.78,32,10,0.36
2023-07-31,Industrial,40.78952313659373,-74.20890958206206,Apartment,483762.92,7.46,81,87,0.48
2023-04-23,Downtown,40.725456372722185,-74.01619579457919,Commercial,2813521.79,3.47,56,63,0.6
2024-10-24,Downtown,40.71424146784273,-74.00848913259429,Commercial,3260147.07,3.61,43,10,0.49
2023-04-06,Suburbs,40.722799528473786,-74.10425719765512,Commercial,1795563.17,5.8,38,26,0.57
2023-03-23,Coastal,40.619906058010585,-73.91036797194698,Studio,458024.18,4.27,51,5,0.7
2023-03-09,Tech Park,40.63460585801524,-74.06259940063711,Studio,326470.53,5.71,90,42,0.55
2024-01-19,Tech Park,40.67205681421467,-74.05064361130258,Apartment,615597.32,5.36,58,13,0.41
2024-09-15,Downtown,40.74612170085977,-73.9929584859374,Studio,442923.66,3.47,76,70,0.53
2023-10-30,Tech Park,40.66435459929385,-74.03826396298528,Apartment,583857.53,6.49,9,14,0.7
2023-01-01,Tech Park,40.65380646654529,-74.0444487693418,Studio,345257.32,5.43,75,7,0.44
2024-05-08,Industrial,40.792802691724404,-74.20307617555763,Apartment,412753.08,7.77,38,72,0.73
2023-12-09,Coastal,40.56346888481742,-73.96510832600498,Studio,390539.18,4.47,87,5,0.46
2024-12-17,Downtown,40.73171881921279,-74.01135231730414,Apartment,654501.55,4.29,92,2,0.5
2023-03-11,Industrial,40.78047148920537,-74.18049328530223,Apartment,361549.18,7.09,26,36,0.67
2024-08-20,Suburbs,40.743155097397064,-74.0775801936052,Villa,1149950.38,4.89,51,45,0.46
2023-06-19,Suburbs,40.73079293895716,-74.13510204062541,Apartment,428662.72,6.44,95,32,0.52
2024-04-18,Suburbs,40.7645374104749,-74.06485857316937,Villa,1163654.94,6.29,25,13,0.43
2023-09-24,Suburbs,40.75094725880428,-74.11691162396404,Studio,327720.19,6.02,44,99,0.48
2023-09-07,Suburbs,40.77744557826893,-74.07651421847379,Villa,1135534.22,5.86,70,34,0.59
2024-06-27,Suburbs,40.76735217654207,-74.0848575132855,Apartment,438747.58,5.28,9,98,0.61
2023-10-27,Tech Park,40.6289628281551,-74.08146425879123,Apartment,532794.89,5.02,48,87,0.57
2024-10-29,Suburbs,40.78623402417963,-74.12387804880399,Studio,270283.18,4.73,85,26,0.41
2024-10-09,Coastal,40.61621072229659,-73.96222948023299,Villa,1421698.38,5.63,43,21,0.44
2023-05-09,Downtown,40.722690449840975,-74.02861040912066,Studio,459273.91,4.24,22,68,0.37
2023-11-17,Tech Park,40.62364400495782,-74.07157538098927,Commercial,2298663.62,6.5,62,82,0.58
2024-09-19,Downtown,40.74559861312713,-74.01044482141025,Apartment,747128.98,3.91,49,22,0.6
2024-04-12,Industrial,40.80033599271619,-74.19262165594184,Villa,961118.56,5.74,71,60,0.6
2023-02-15,Downtown,40.710965488286725,-74.0120569085432,Commercial,3481878.11,3.54,98,80,0.43
2023-08-13,Tech Park,40.647999442821174,-74.07175135342952,Villa,1221153.53,5.7,95,97,0.37
2024-02-01,Coastal,40.655435792189834,-73.98469951393892,Commercial,2643000.04,4.65,14,69,0.61
2023-11-25,Suburbs,40.750938843308994,-74.13163146730491,Villa,1115762.07,6.02,33,29,0.35
2024-07-20,Tech Park,40.659735130834584,-74.05520513375242,Villa,1660046.87,5.48,22,60,0.57
2023-07-03,Coastal,40.59198277134858,-73.96438944768676,Apartment,609368.02,4.85,13,58,0.57
2023-12-23,Suburbs,40.718058768105564,-74.07280568381806,Villa,1090093.52,5.72,32,41,0.24
2024-11-13,Industrial,40.79963690146816,-74.22277893744115,Apartment,436214.6,5.88,79,9,0.57
2024-11-12,Tech Park,40.632455008600424,-74.07112686944198,Villa,1589005.56,6.69,37,39,0.43
2024-02-03,Downtown,40.70320717189213,-74.02214582987229,Studio,433077.67,3.51,19,96,0.48
2023-09-28,Coastal,40.59543278414685,-73.94536917862372,Studio,358202.63,5.41,67,51,0.55
2023-09-28,Coastal,40.58243002418061,-73.9456336561386,Commercial,2861775.94,5.29,7,71,0.57
2024-08-02,Suburbs,40.77331233298222,-74.10901199449367,Commercial,1756388.14,5.18,59,6,0.62
2023-01-14,Coastal,40.58911423413689,-73.92168127369743,Studio,362070.43,4.26,23,85,0.5
2024-06-12,Suburbs,40.717779944642295,-74.11839796340892,Villa,875843.09,5.07,57,72,0.56
2024-09-20,Suburbs,40.74314564446244,-74.07175008053491,Villa,1065272.18,5.94,65,18,0.51
2023-06-24,Industrial,40.79681596576827,-74.17974114230661,Commercial,1953295.41,6.49,79,47,0.35
2023-03-12,Downtown,40.72220275353793,-73.99530984903586,Studio,470563.03,4.83,44,16,0.59
2023-09-03,Coastal,40.60515206409491,-73.96542216523407,Villa,1831113.14,4.51,44,55,0.65
2023-09-06,Industrial,40.76954099101229,-74.20091421509292,Studio,229475.41,8.44,96,42,0.56
2023-08-28,Downtown,40.67260071780348,-73.99971916941384,Commercial,2679580.85,3.85,37,7,0.48
2023-12-20,Downtown,40.72114658603321,-74.00593715164,Commercial,2958154.18,4.19,43,22,0.43
2024-02-13,Coastal,40.59058349210851,-73.9613524962936,Villa,1727880.99,4.53,71,57,0.33
2023-08-14,Suburbs,40.75365981969278,-74.08971708752618,Commercial,1556513.9,4.15,55,70,0.37
2023-02-05,Downtown,40.72181874631401,-74.0032113407274,Apartment,773049.69,4.86,35,36,0.4
2024-04-24,Downtown,40.733293235944636,-73.97483231976238,Villa,1677740.05,4.87,77,92,0.61
2024-08-22,Coastal,40.61991153102426,-73.95147353172138,Apartment,755446.99,4.11,99,70,0.38
2024-11-22,Industrial,40.78788328926029,-74.20674321102857,Apartment,394731.81,7.89,67,76,0.53
2024-04-17,Coastal,40.653592573878,-73.9620902772112,Studio,408223.3,5.82,83,44,0.53
2023-02-23,Suburbs,40.728973563715215,-74.1042548003613,Apartment,412945.47,5.67,54,91,0.47
2024-07-24,Downtown,40.759369094458734,-74.01511850973236,Apartment,723044.46,4.18,16,16,0.51
2023-09-23,Tech Park,40.70614911664099,-74.04932864703862,Apartment,665362.79,5.26,96,34,0.57
2024-10-16,Coastal,40.62598207128109,-73.95938501941919,Villa,1719150.71,5.76,82,14,0.51
2024-01-17,Suburbs,40.77991342352804,-74.10291904545267,Commercial,1791168.2,5.6,71,18,0.56
2023-04-17,Industrial,40.78191198995338,-74.21631575450337,Studio,221010.5,7.97,81,98,0.4
2024-02-10,Industrial,40.80418546328601,-74.18983641421896,Villa,903954.93,6.86,86,64,0.7
2023-04-10,Downtown,40.694212604014815,-74.0192667367478,Apartment,640146.16,4.03,19,97,0.42
2023-01-15,Suburbs,40.77846723475261,-74.10864242086258,Studio,335904.95,5.81,30,99,0.61
2023-04-25,Downtown,40.70985903870604,-74.00071276144084,Apartment,813438.39,4.19,36,23,0.63
2023-10-12,Tech Park,40.662369247847764,-74.00094276757714,Studio,397380.79,6.45,55,81,0.37
2023-10-25,Tech Park,40.66092372723435,-74.06244502102395,Commercial,2319978.47,6.83,87,13,0.51
2024-11-15,Suburbs,40.719917029381044,-74.09621643835376,Villa,1053037.84,5.12,43,74,0.36
2024-10-17,Tech Park,40.629175897257454,-74.01168715958681,Commercial,2650652.65,8.06,32,38,0.64
2023-04-27,Suburbs,40.75261544937889,-74.13209608621796,Villa,1098295.53,4.84,67,41,0.45
2024-09-24,Suburbs,40.75946668998602,-74.1017820002038,Commercial,2052759.52,4.98,26,18,0.76
2024-08-10,Tech Park,40.64662456121124,-74.03137042346694,Commercial,2466855.29,5.69,24,74,0.52
2023-09-23,Suburbs,40.73183692102785,-74.10844401369609,Studio,272511.57,6.0,75,65,0.55
2023-09-16,Industrial,40.8107930954869,-74.17482564757893,Commercial,1622335.2,7.46,61,58,0.51
2023-11-01,Tech Park,40.67419576375688,-74.08620833566715,Commercial,2286354.39,5.89,32,35,0.45
2024-09-01,Tech Park,40.661194960551796,-74.03674956261663,Studio,397250.95,5.53,28,80,0.49
2024-05-25,Suburbs,40.75243006019638,-74.11911508715644,Commercial,1812106.79,5.26,4,41,0.53
2023-07-14,Tech Park,40.62969704927251,-74.0626893474109,Villa,1296912.52,5.89,46,87,0.44
2024-05-24,Tech Park,40.66133520762235,-74.02862715560819,Apartment,649128.38,5.85,58,88,0.59
2023-12-24,Downtown,40.72315072354392,-74.0147564464886,Apartment,618897.41,3.81,88,63,0.34
2024-07-20,Downtown,40.749285750106736,-74.00437684695854,Commercial,2775579.52,4.04,47,79,0.51
2023-05-23,Industrial,40.82349595386763,-74.2082190413603,Studio,248903.78,7.33,43,84,0.52
2024-03-28,Tech Park,40.670222381428886,-74.00331506205374,Studio,361994.29,6.26,26,71,0.56
2023-01-17,Industrial,40.77287975456801,-74.19282300220112,Studio,264579.39,7.9,98,49,0.68
2024-12-12,Tech Park,40.64157075405276,-74.0357484110678,Commercial,1907332.22,5.57,89,49,0.49
2024-04-24,Tech Park,40.656435271189274,-74.04736499780505,Commercial,2486988.21,5.62,82,5,0.5
2023-06-19,Coastal,40.61023332600332,-73.92957010027186,Commercial,2836414.72,5.47,10,82,0.48
2023-07-20,Coastal,40.59809183636467,-73.96977629680794,Studio,371846.44,4.92,88,73,0.67
2023-01-27,Suburbs,40.76135186729218,-74.10728480964102,Apartment,434340.47,4.26,89,65,0.54
2024-04-07,Industrial,40.797638604881556,-74.19565121838549,Commercial,1610582.58,6.13,39,78,0.49
2023-05-23,Coastal,40.63847680990732,-73.95051430080862,Commercial,2212296.99,4.86,66,60,0.34
2024-07-24,Coastal,40.604083077439924,-73.94969359741879,Studio,351511.93,4.37,14,51,0.57
2023-12-02,Coastal,40.62269372039855,-73.93782526207816,Studio,348989.65,4.51,98,45,0.49
2023-05-18,Suburbs,40.734562192496284,-74.09149121185469,Commercial,1975025.6,4.89,55,43,0.44
2024-07-20,Suburbs,40.715055156246294,-74.07913753768,Commercial,1814219.98,5.38,74,53,0.44
2024-07-13,Coastal,40.61796567601101,-73.96823564575338,Villa,1600469.52,5.14,27,86,0.45
2023-03-11,Downtown,40.69847636110331,-73.9941146930998,Villa,1841935.98,3.64,53,5,0.37
2024-06-23,Suburbs,40.77334581434768,-74.11018591678801,Commercial,1955642.99,5.64,6,75,0.34
2024-08-05,Tech Park,40.655826672866375,-73.99765453322055,Villa,1540962.89,5.45,68,32,0.68
2023-01-30,Downtown,40.74909827870333,-73.98776345592543,Villa,1560210.3,3.8,89,98,0.79
2023-06-17,Tech Park,40.6650093972387,-74.0510610398385,Commercial,2569020.74,6.19,48,74,0.53
2023-04-03,Coastal,40.62635081638035,-73.94237869520596,Studio,404240.08,5.54,35,84,0.45
2023-10-25,Tech Park,40.648292506400544,-74.0331944909198,Apartment,686237.45,6.44,84,93,0.63
2023-04-02,Downtown,40.71488092850543,-74.0006740928712,Commercial,2820903.89,4.31,87,40,0.46
2023-03-07,Suburbs,40.74997375048724,-74.0555091881358,Studio,277555.18,5.65,31,92,0.44
2023-07-31,Industrial,40.79564464950912,-74.21099511459833,Studio,238738.04,6.82,42,51,0.43
2023-05-27,Coastal,40.61622902665362,-73.99078540063151,Studio,364336.22,4.76,26,95,0.41
2023-09-09,Tech Park,40.635494290424454,-74.04062880401835,Commercial,2270645.95,5.47,63,80,0.33
2024-01-03,Tech Park,40.6610423737049,-74.07632992278607,Commercial,2438211.53,6.21,22,61,0.57
2024-11-19,Industrial,40.79797247361851,-74.17602005036689,Apartment,434979.85,6.3,22,19,0.46
2023-12-01,Industrial,40.78712255977783,-74.17777709569592,Studio,213993.68,7.73,90,84,0.4
2023-04-11,Suburbs,40.757556951792324,-74.13843971917574,Commercial,1968423.41,4.28,43,55,0.65
2023-02-20,Tech Park,40.6709669645046,-74.03876903072927,Apartment,543929.36,6.88,2,51,0.44
2024-05-16,Industrial,40.842701640178596,-74.20859163291183,Villa,829631.03,7.42,36,71,0.41
2024-01-25,Tech Park,40.64411753639248,-74.07175675095426,Villa,1307021.04,6.05,95,77,0.44
2023-05-09,Industrial,40.83235653447136,-74.19144425468726,Villa,971736.02,7.64,96,58,0.53
2024-12-16,Downtown,40.70065353909058,-73.9974464645798,Commercial,3070374.74,3.8,3,50,0.34
2024-06-25,Industrial,40.824645676590215,-74.21433867596505,Villa,901535.42,7.16,62,75,0.38
2024-02-01,Suburbs,40.75337982862828,-74.11667501883674,Commercial,1700876.17,5.65,16,13,0.45
2023-12-16,Coastal,40.5728982786845,-73.92611435073276,Apartment,820527.88,4.8,71,10,0.45
2024-05-17,Coastal,40.61210757111627,-73.93939415281868,Commercial,2364883.6,4.94,64,39,0.67
2023-03-09,Tech Park,40.65103331471405,-74.03802809817111,Studio,386588.38,6.78,61,47,0.63
2023-04-26,Coastal,40.60884604312271,-73.98578090308493,Commercial,2529007.24,3.63,3,52,0.28
2024-10-07,Coastal,40.60751493763439,-73.93042190895076,Studio,422918.54,4.84,84,84,0.45
2023-08-10,Coastal,40.5965770542113,-74.00666579851497,Studio,442375.3,4.88,18,18,0.52
2023-07-28,Tech Park,40.669891818576716,-74.04660629818284,Villa,1468856.85,5.75,81,15,0.66
2023-01-07,Suburbs,40.762583597157494,-74.13258186577261,Villa,1083546.27,6.34,60,1,0.5
2024-08-27,Industrial,40.83571173404952,-74.19101088010912,Villa,883233.38,7.2,78,55,0.46
2023-04-24,Downtown,40.73009916411676,-74.01992572165824,Studio,481328.54,4.59,16,16,0.43
2024-09-30,Tech Park,40.633009663375155,-74.06629005184564,Villa,1347574.21,6.54,69,63,0.61
2023-03-14,Downtown,40.7298073838569,-73.97293407302409,Studio,536351.25,3.3,10,46,0.52
2024-01-25,Industrial,40.77364228111381,-74.20959483790591,Villa,891532.34,7.32,11,81,0.61
2023-08-10,Tech Park,40.620535867402495,-74.04296077851583,Apartment,632916.69,5.66,60,93,0.38
2024-01-23,Industrial,40.812581708180275,-74.1777287985824,Commercial,1527532.41,7.3,1,53,0.6
2024-03-29,Tech Park,40.66893102722847,-74.03358182957662,Apartment,468259.65,6.01,81,35,0.45
2024-01-21,Downtown,40.75904088112719,-73.99059466943034,Apartment,689673.74,3.52,86,49,0.5
2024-06-15,Suburbs,40.73076934196941,-74.10310704238917,Villa,1115631.66,5.54,98,32,0.49
2023-12-14,Downtown,40.77648613137219,-74.00785198790537,Studio,365896.17,3.35,5,11,0.48
2024-09-11,Suburbs,40.77086447123209,-74.14220045560374,Villa,971632.55,4.33,61,32,0.57
2024-07-03,Suburbs,40.7541255281169,-74.11807191078039,Villa,1203380.51,5.73,5,98,0.43
2023-04-17,Coastal,40.59158028263974,-73.94819916832266,Studio,291555.35,4.75,19,32,0.57
2023-10-24,Downtown,40.71077604745365,-73.99329745812499,Commercial,3093098.54,3.86,16,80,0.48
2023-01-24,Industrial,40.755812970294876,-74.22676535142878,Apartment,400498.74,6.85,95,40,0.52
2024-03-20,Downtown,40.74118027644315,-74.00874423406088,Villa,1901413.79,3.58,73,84,0.47
2024-05-08,Industrial,40.783050993659984,-74.17070240170753,Commercial,1572972.44,6.91,46,80,0.34
2024-07-17,Industrial,40.77743943185937,-74.18363372527361,Apartment,388236.23,7.19,65,15,0.39
2023-09-16,Industrial,40.75832118370136,-74.19976254630578,Villa,1102392.85,5.18,9,57,0.22
2024-11-15,Suburbs,40.79140506169735,-74.09355839241238,Studio,330949.71,5.23,39,78,0.55
2024-06-03,Suburbs,40.78887168174755,-74.09889093329684,Studio,250566.51,5.41,5,30,0.36
2024-07-15,Coastal,40.63407304365851,-73.93508652953054,Villa,1571052.04,6.03,84,34,0.63
2023-04-01,Industrial,40.834327169975985,-74.19152882325967,Apartment,401815.64,7.04,41,59,0.57
2023-12-31,Industrial,40.774218757367436,-74.19398905103198,Studio,186325.77,7.1,13,38,0.5
2024-03-08,Suburbs,40.73703432581394,-74.09636825178583,Apartment,397798.49,4.7,48,18,0.27
2023-05-29,Tech Park,40.66137529592499,-74.0530259807954,Villa,1476962.67,6.09,20,81,0.63
2023-08-04,Downtown,40.68928545876595,-74.00308072983165,Commercial,3190441.54,4.11,24,4,0.51
2024-04-06,Coastal,40.58878917839745,-73.92081678011623,Villa,1527652.34,5.0,99,82,0.68
2024-01-24,Downtown,40.7218078371631,-73.99233638586206,Apartment,744717.66,4.03,7,27,0.56
2024-01-23,Suburbs,40.74157199793794,-74.09111767147662,Studio,255515.74,5.45,22,36,0.49
2024-08-15,Suburbs,40.77352451413517,-74.12568743951017,Apartment,432440.8,5.5,76,57,0.53
2023-08-29,Coastal,40.599433846213984,-73.96175223366821,Apartment,645328.03,5.71,67,22,0.41
2024-12-14,Coastal,40.60184762917998,-73.95799392981672,Apartment,649402.18,5.14,25,94,0.45
2023-06-14,Tech Park,40.68534772665319,-74.1139124817698,Apartment,584300.18,4.8,44,2,0.29
2024-04-06,Suburbs,40.75695973815597,-74.1273108371094,Apartment,406558.37,5.29,97,83,0.6
2023-10-08,Suburbs,40.730771833730365,-74.09168346033769,Villa,917880.44,5.41,62,82,0.43
2023-08-05,Suburbs,40.69092353029199,-74.11046208613769,Apartment,461943.53,5.37,53,84,0.58
2023-11-17,Suburbs,40.772129301087304,-74.07969906113082,Studio,297255.68,6.48,30,3,0.68
2024-11-28,Suburbs,40.72141466240658,-74.08350662750617,Apartment,483340.71,6.04,32,82,0.51
2023-08-19,Industrial,40.83833098550747,-74.19420144882783,Villa,1086845.16,7.39,31,12,0.62
2023-05-15,Suburbs,40.74463984514989,-74.11748207125724,Apartment,468119.56,5.46,47,85,0.54
2023-04-26,Downtown,40.699708701168085,-74.00817562266711,Studio,505785.53,4.39,95,11,0.43
2023-06-14,Suburbs,40.74387459982386,-74.07205154278353,Commercial,1834084.21,4.33,38,33,0.72
2024-04-18,Downtown,40.728986218078624,-74.02076834501084,Commercial,2954284.72,3.33,54,8,0.39
2024-11-20,Industrial,40.81018136100562,-74.17619966860809,Villa,1050460.15,7.67,48,44,0.41
2023-06-30,Tech Park,40.67055767782867,-74.07178579511582,Apartment,535742.61,4.97,45,73,0.37
2024-06-08,Coastal,40.60865772989281,-73.9707119594956,Commercial,2882584.51,4.14,92,19,0.56
2024-07-26,Coastal,40.5997850532663,-73.9592211002799,Commercial,2527138.92,4.33,17,55,0.56
2023-01-25,Downtown,40.676600761382595,-73.98790521424051,Studio,396198.88,4.53,35,83,0.42
2024-08-12,Coastal,40.580791060920326,-73.96621315111398,Commercial,2355846.18,4.93,67,53,0.48
2023-06-24,Coastal,40.62167097046656,-73.96443392908031,Commercial,2225568.51,4.9,74,33,0.6
2024-08-03,Downtown,40.72423774066777,-74.0082270880477,Commercial,2936953.32,3.97,60,46,0.39
2023-09-26,Industrial,40.788282280143235,-74.18410683444962,Studio,222754.98,8.28,99,97,0.49
2024-10-15,Coastal,40.60918160117005,-73.959310282898,Studio,388316.5,4.31,57,22,0.47
2024-04-10,Downtown,40.72653550978095,-73.98761183142493,Apartment,735684.43,3.34,4,9,0.6
2024-12-11,Downtown,40.70433126833642,-74.00956219463284,Villa,1522733.22,3.97,56,78,0.51
2024-07-12,Downtown,40.735578212229605,-74.05051870835916,Commercial,2844350.95,3.67,76,83,0.57
2023-01-05,Tech Park,40.656805848197564,-74.0473253614681,Studio,291624.8,6.33,74,73,0.66
2023-11-24,Industrial,40.746400310280706,-74.20587133673182,Villa,951960.25,7.97,80,28,0.53
2023-08-04,Suburbs,40.710413604102946,-74.11215477503714,Commercial,1753342.46,5.62,33,47,0.33
2023-02-11,Suburbs,40.746411832126704,-74.0857818638044,Studio,275448.34,6.0,45,94,0.4
2024-08-20,Downtown,40.67969902529811,-73.96928175199598,Commercial,2496449.64,3.59,21,6,0.42
2024-01-30,Industrial,40.78893442854264,-74.22464715008643,Studio,222252.15,7.6,31,81,0.61
2023-06-11,Suburbs,40.74374845149211,-74.10864357018991,Commercial,2008427.76,6.12,84,94,0.57
2024-09-09,Tech Park,40.65627596193474,-74.06282698360795,Apartment,613969.38,5.78,19,87,0.32
2023-07-13,Suburbs,40.78603696051272,-74.09811538705391,Studio,281694.46,5.97,85,23,0.47
2023-04-23,Industrial,40.799483237105676,-74.20383251831315,Studio,274086.51,7.13,25,90,0.55
2023-08-28,Coastal,40.58391956909878,-73.97798686095572,Apartment,661796.06,4.87,50,24,0.37
2024-06-20,Suburbs,40.75918485612759,-74.11441569593619,Studio,266004.3,6.44,27,32,0.55
2024-06-06,Coastal,40.615446720805885,-73.91976639992514,Commercial,2173785.19,5.86,87,55,0.53
2023-12-18,Downtown,40.698926292216065,-74.0177365260708,Villa,1849037.34,5.02,29,51,0.57
2023-11-26,Suburbs,40.75749557061717,-74.08898374329632,Commercial,1763649.71,5.79,46,67,0.4
2024-09-16,Tech Park,40.634092326412585,-74.0366102928965,Apartment,659640.12,6.04,54,11,0.5
2024-10-12,Suburbs,40.73554397525804,-74.11664625328068,Commercial,1633557.45,5.43,90,86,0.6
2023-08-20,Coastal,40.60136926128744,-73.91287344573276,Apartment,756978.49,4.18,20,22,0.61
2024-04-16,Tech Park,40.64890790704643,-74.07791471012138,Villa,1475278.23,6.24,62,68,0.49
2023-02-24,Industrial,40.80667890095998,-74.20759815933081,Studio,249110.64,6.41,38,67,0.32
2023-06-12,Suburbs,40.718276622661186,-74.1080004419447,Villa,1018655.83,5.08,48,91,0.56
2024-11-07,Industrial,40.80673622544774,-74.1783167796609,Villa,975233.6,6.72,50,95,0.56
2023-12-19,Industrial,40.80523714414491,-74.18353232141818,Studio,236151.08,6.61,37,80,0.64
2024-10-14,Tech Park,40.629393846988535,-74.04590763548819,Studio,420696.25,7.45,37,53,0.39
2023-05-26,Tech Park,40.654723683105956,-74.02049091737915,Studio,307916.74,5.54,26,29,0.33
2023-09-19,Coastal,40.567076073992425,-73.9474095584346,Commercial,2659524.46,5.21,94,56,0.34
2023-09-10,Industrial,40.82586474104699,-74.22801309217286,Studio,241910.26,7.25,33,79,0.63
2023-11-24,Coastal,40.60269879060326,-74.00234226234863,Commercial,2528240.95,4.66,68,37,0.47
2024-10-13,Tech Park,40.64748669229455,-74.0137987657892,Villa,1489477.03,6.53,62,31,0.49
2023-06-26,Tech Park,40.68412924911493,-74.06082362309067,Commercial,2653690.42,5.58,22,85,0.58
2024-11-09,Tech Park,40.661985433417456,-74.02772214830944,Studio,410169.67,5.94,35,8,0.54
2024-07-01,Industrial,40.809545920176184,-74.19564973008123,Villa,938010.55,7.3,16,46,0.51
2024-07-04,Coastal,40.59952010393292,-73.96311085071622,Apartment,682441.92,5.73,97,97,0.39
2024-02-01,Coastal,40.63012466470794,-73.9432019014067,Commercial,2449107.7,5.97,36,28,0.57
2024-08-10,Industrial,40.763799137549434,-74.21025426339911,Apartment,353533.55,8.45,82,30,0.52
2024-03-10,Downtown,40.69419913541849,-74.01411249603356,Studio,414544.69,3.91,21,88,0.56
2023-06-14,Tech Park,40.62904556699326,-74.03601497822342,Apartment,640378.8,6.22,30,28,0.37
2024-01-31,Downtown,40.718988323702845,-74.01728605891621,Apartment,650652.41,3.9,13,54,0.42
2023-01-09,Industrial,40.82403673612122,-74.20523134446454,Studio,231725.6,7.14,2,23,0.45
2023-06-09,Suburbs,40.74871641919262,-74.07740394000017,Apartment,471041.75,6.44,93,33,0.38
2023-10-17,Tech Park,40.64424880387152,-74.02106354319777,Commercial,2458556.69,5.95,79,70,0.51
2024-09-02,Tech Park,40.63581946694314,-74.0362252798713,Apartment,535732.02,6.48,98,39,0.43
2024-08-11,Suburbs,40.75034527758518,-74.09670086249182,Commercial,2003777.44,4.33,95,40,0.42
2024-02-22,Tech Park,40.66665232833563,-74.00802104855381,Villa,1131676.46,6.28,74,95,0.51
2023-11-23,Suburbs,40.793317594827826,-74.06575315350044,Villa,1091404.06,5.44,8,92,0.61
2023-11-14,Industrial,40.78890373096805,-74.17207710341866,Apartment,369101.28,7.79,29,99,0.6
2024-10-16,Tech Park,40.6641019947381,-74.03716302132086,Villa,1323028.61,5.89,84,57,0.49
2023-10-21,Tech Park,40.665793461340314,-74.0922258840041,Studio,351643.78,5.89,29,45,0.59
2024-09-08,Downtown,40.72470208153507,-74.00539065186392,Apartment,868554.53,4.32,22,99,0.57
2023-06-22,Downtown,40.72358082993506,-74.01244023941234,Commercial,2700872.66,4.14,63,13,0.42
2024-08-22,Downtown,40.7071537591615,-74.02891476566104,Apartment,656851.1,4.36,44,41,0.64
2024-10-08,Coastal,40.63496360916139,-73.93084146269328,Studio,353370.9,5.02,67,53,0.43
2023-05-29,Coastal,40.61811651965634,-73.93966638961655,Studio,381012.84,4.74,22,83,0.52
2023-12-20,Downtown,40.73496834230922,-74.0285445659833,Villa,2068229.48,3.51,95,80,0.7
2023-04-22,Tech Park,40.666727635123294,-74.05885543113372,Commercial,2635281.28,6.31,60,89,0.5
2024-06-28,Industrial,40.83063813659031,-74.2064586654913,Villa,1024044.23,6.49,58,40,0.47
2023-05-25,Coastal,40.60959163688976,-73.98364134567396,Apartment,735546.46,5.55,75,20,0.44
2023-12-02,Downtown,40.69388398136802,-74.00561789249416,Commercial,2978334.05,3.66,82,59,0.59
2023-01-23,Downtown,40.69718574972955,-74.02045193562803,Apartment,783061.48,4.27,34,38,0.47
2024-11-10,Industrial,40.82593896745622,-74.19127389858407,Villa,980943.1,7.07,50,74,0.58
2023-02-22,Industrial,40.80851127843017,-74.21966899526956,Studio,247577.27,7.2,4,41,0.63
2024-10-14,Downtown,40.72061146277627,-74.0169641627387,Villa,2032536.34,4.26,7,15,0.49
2024-12-23,Coastal,40.604719815292306,-73.92339312985021,Commercial,3090843.34,5.12,2,29,0.66
2024-09-23,Suburbs,40.73563371154884,-74.1076978794068,Villa,949355.73,5.97,62,54,0.43
2024-09-03,Industrial,40.8008838199359,-74.22075590946037,Apartment,459069.75,8.2,17,49,0.37
2024-06-08,Industrial,40.78266361742811,-74.19833679833202,Studio,195257.52,8.57,62,50,0.64
2023-04-28,Industrial,40.78345005428907,-74.17016286134327,Studio,225516.83,7.78,19,47,0.53
2023-05-22,Tech Park,40.651698961567334,-74.0776398710235,Commercial,1923897.07,5.69,84,32,0.38
2023-08-10,Coastal,40.60081637132779,-73.9294260256822,Apartment,590088.34,6.21,98,60,0.5
2024-08-20,Downtown,40.71639671056145,-73.99648359804063,Studio,437590.7,3.87,3,57,0.46
2023-11-14,Coastal,40.60475368856074,-73.94764790711599,Villa,1693186.52,5.13,52,84,0.55
2024-08-30,Downtown,40.72118778276083,-73.99815148070401,Apartment,757555.19,4.87,81,88,0.41
2023-03-18,Tech Park,40.64202287205778,-73.9971785650061,Commercial,2414936.97,6.56,43,34,0.63
2023-02-21,Downtown,40.69894113539706,-73.99446877758982,Studio,503224.16,4.32,48,92,0.53
2024-03-09,Industrial,40.83349906021948,-74.20093456766226,Commercial,1589201.46,6.5,90,55,0.46
2023-08-27,Suburbs,40.75554842222475,-74.11545946868333,Studio,298834.86,5.73,71,23,0.51
2024-01-05,Coastal,40.61525916513428,-73.9340128976434,Apartment,726169.47,5.26,48,91,0.64
2024-09-03,Suburbs,40.712458695582185,-74.0916317417117,Apartment,449059.3,5.16,57,76,0.45
2023-05-23,Suburbs,40.75640155124354,-74.1049954522408,Villa,1137082.23,4.95,78,67,0.6
2023-10-23,Industrial,40.82595507423574,-74.20149681272254,Villa,954679.04,7.99,42,18,0.5
2023-11-17,Tech Park,40.67562990798507,-74.07528041169729,Commercial,2255059.7,5.27,93,3,0.42
2023-12-05,Tech Park,40.64480827362322,-74.07528695063922,Studio,357392.36,5.78,51,48,0.62
2023-01-11,Suburbs,40.75294958491246,-74.08606138730075,Apartment,341155.1,6.74,81,30,0.58
2024-05-19,Coastal,40.60977622391883,-73.9424964777,Villa,1723129.9,4.36,81,6,0.53
2023-08-01,Coastal,40.59070000259369,-73.92966338221974,Apartment,690776.33,5.39,47,46,0.65
2024-07-16,Tech Park,40.655785464221715,-74.04669431210985,Commercial,2501267.11,6.33,44,7,0.59
2023-12-14,Downtown,40.695479865820346,-73.96795531124907,Apartment,707144.0,3.18,75,71,0.54
2023-11-10,Industrial,40.825861950424816,-74.20311445042935,Villa,980267.98,6.71,85,78,0.52
2024-10-31,Tech Park,40.64705656704303,-74.05255252357301,Apartment,588945.24,6.4,62,60,0.52
2024-01-24,Coastal,40.60386722831239,-73.96183586553423,Apartment,755337.19,4.9,20,81,0.39
2023-10-19,Downtown,40.70403962876414,-74.00343937566112,Commercial,3154356.51,4.03,87,47,0.62
2023-12-10,Tech Park,40.68535857333679,-74.03078519976351,Apartment,575460.05,5.08,22,99,0.52
2023-02-23,Downtown,40.71927510134463,-74.0175784344525,Villa,1604816.68,3.93,63,52,0.63
2023-04-15,Suburbs,40.72233065375088,-74.10243691222621,Commercial,1891855.44,5.68,48,27,0.5
2024-08-18,Suburbs,40.754491989534166,-74.11734734254158,Studio,272444.11,5.17,72,51,0.42
2023-05-12,Suburbs,40.75533363355592,-74.10446248875637,Commercial,1659050.02,6.27,67,37,0.5
2024-07-08,Tech Park,40.638785477606916,-74.05333679335388,Villa,1426123.97,5.87,86,93,0.46
2024-09-19,Industrial,40.80010277521514,-74.18983429644834,Commercial,1680436.42,6.29,14,9,0.36
2023-05-11,Suburbs,40.73482361130646,-74.08381279855979,Apartment,463320.54,5.56,1,1,0.6
2024-02-03,Tech Park,40.661349572682745,-74.05259745286234,Studio,365976.68,6.6,81,50,0.54
2024-03-24,Tech Park,40.68070374023735,-74.05299932582342,Studio,319844.88,5.68,51,34,0.55
2024-12-02,Industrial,40.78977654064121,-74.19916259899466,Studio,255639.69,5.79,68,88,0.28
2024-08-11,Downtown,40.73591964082242,-74.00725526717227,Commercial,3466517.58,4.15,82,18,0.39
2024-07-11,Suburbs,40.759358318513456,-74.12745630067589,Apartment,492958.9,5.24,88,78,0.63
2024-08-24,Downtown,40.696295742489085,-74.01803989062336,Commercial,2532464.75,4.02,49,1,0.61
2024-03-19,Industrial,40.7850536853192,-74.16278986549328,Commercial,1684843.94,7.69,83,82,0.5
2024-04-30,Downtown,40.72921934278626,-73.99417904270199,Apartment,709808.98,4.76,65,22,0.42
2023-03-31,Coastal,40.62736816037118,-73.92968810380498,Commercial,2887085.54,4.74,8,51,0.56
2023-01-13,Coastal,40.59403663419097,-73.94040468273745,Commercial,3009748.38,5.73,50,67,0.55
2023-07-27,Downtown,40.710859465580185,-74.00578316511427,Studio,406913.09,4.28,71,79,0.55
2024-07-14,Industrial,40.80550186953887,-74.2022673979064,Studio,215959.32,7.57,41,36,0.5
2024-07-31,Industrial,40.779714873164764,-74.19137705983023,Villa,830046.31,6.88,93,63,0.77
2024-07-15,Downtown,40.669277450823074,-73.98012021573416,Villa,1747590.52,4.15,75,63,0.6
2024-04-07,Tech Park,40.64269245128286,-74.07560831606833,Apartment,514096.22,7.69,3,87,0.52
2023-05-16,Coastal,40.587746999570456,-73.93297315755655,Studio,377628.09,4.5,18,92,0.6
2024-11-29,Industrial,40.75681266941199,-74.19338664070322,Apartment,449486.04,7.92,34,87,0.41
2024-01-18,Downtown,40.709724296697075,-73.99061622367981,Studio,468402.42,4.39,78,2,0.54
2023-10-22,Coastal,40.57787432751193,-73.97409915527635,Studio,446317.47,5.65,14,5,0.45
2023-05-12,Suburbs,40.79838800312954,-74.0898364112436,Apartment,417547.73,5.45,32,51,0.49
2024-04-17,Tech Park,40.71485664143536,-74.01678458285171,Studio,375663.23,6.1,80,59,0.57
2024-03-01,Tech Park,40.67555214765425,-74.0181375788698,Apartment,553911.52,5.4,84,32,0.62
2024-03-05,Industrial,40.77736989397295,-74.1996843045328,Studio,200680.9,5.85,22,30,0.52
2024-04-23,Tech Park,40.649871984947936,-74.04558247547827,Commercial,2569610.03,5.93,70,92,0.59
2024-01-15,Industrial,40.80424896115002,-74.15713676963956,Villa,842961.53,7.99,80,66,0.44
2024-12-14,Downtown,40.71831506137241,-74.05517787177668,Studio,436536.82,4.68,46,32,0.45
2024-08-24,Coastal,40.61129728264312,-73.95977599596702,Apartment,597537.63,5.14,46,68,0.44
2023-08-22,Coastal,40.58980398620095,-73.95773409082551,Studio,402453.55,4.2,36,72,0.55
2023-03-17,Industrial,40.79755247533983,-74.19348298724294,Studio,231136.0,8.04,25,60,0.28
2023-08-19,Suburbs,40.750921515756716,-74.1294610377652,Studio,259019.5,6.16,31,2,0.47
2023-01-31,Tech Park,40.6148966824002,-74.05564955421566,Apartment,671441.98,6.12,83,14,0.55
2024-03-24,Suburbs,40.76927825361354,-74.09311110111298,Studio,301892.98,5.68,83,3,0.5
2023-01-19,Tech Park,40.66271822835342,-74.0525208733573,Studio,381644.52,7.12,18,55,0.44
2024-03-22,Tech Park,40.63226775624949,-74.01363442592515,Apartment,611531.53,6.57,59,15,0.55
2023-10-14,Tech Park,40.64298653212683,-74.05975278146997,Apartment,729518.09,4.92,62,75,0.56
2023-11-01,Industrial,40.81260215991167,-74.19052244187722,Villa,1065245.27,6.26,86,91,0.59
